query_id	subject_id	pct_id	ali_len	mism	gap_open	q_start	q_end	s_start	s_end	e_value	bitscore	q_len	s_len	s_gi	s_taxids	s_scinames	s_names	q_cov	s_description	tool	db
d9539_asm_v1.2_6	T2D-173A_GL0019498	32.258	31	21	0	14	44	74	104	9.7	30.4	81	108	0				38	T2D-173A_GL0019498  [gene]  locus=scaffold8417_2:193:519:- [Lack 5'-end] codon-table.11	blastp	metahit_2014_pep
d9539_asm_v1.2_6	V1.FI07_GL0059433	31.25	32	22	0	14	45	24	55	5.6	30.0	81	58	0				40	V1.FI07_GL0059433  [gene]  locus=C1434996_1:2214:2390:- [Lack 5'-end] codon-table.11	blastp	metahit_2014_pep
d9539_asm_v1.2_6	T2D-102A_GL0034437	28.125	32	23	0	14	45	34	65	10.0	29.6	81	68	0				40	T2D-102A_GL0034437  [gene]  locus=scaffold60437_4:1:207:+ [Lack 5'-end] codon-table.11	blastp	metahit_2014_pep
d9539_asm_v1.2_52	gi|135642736|gb|EBI94556.1|	43.333	30	16	1	11	40	4	32	4.1	30.0	43	179	135642736	408172.0			70	hypothetical protein GOS_9007187, partial [marine metagenome]	blastp	env_nr
d9539_asm_v1.2_52	gi|134659327|gb|EBC66241.1|	52.0	25	12	0	9	33	152	176	6.7	29.6	43	228	134659327	408172.0			58	hypothetical protein GOS_33678, partial [marine metagenome]	blastp	env_nr
d9539_asm_v1.2_52	gi|136727045|gb|EBQ00468.1|	53.333	30	10	2	1	28	67	94	6.9	29.6	43	302	136727045	408172.0			65	hypothetical protein GOS_7818797, partial [marine metagenome]	blastp	env_nr
d9539_asm_v1.2_52	gi|137560549|gb|EBU75708.1|	33.333	24	16	0	2	25	36	59	6.9	29.6	43	227	137560549	408172.0			56	hypothetical protein GOS_7010766, partial [marine metagenome]	blastp	env_nr
d9539_asm_v1.2_52	763678604-stool2_revised_C1006716_1_gene31279	40.625	32	19	0	1	32	11	42	5.0	28.9	43	51	0				74	763678604-stool2_revised_C1006716_1_gene31279 strand:-  start:388 stop:543 length:156 start_codon:no stop_codon:yes gene_type:incomplete [Lack 5'-end] codon-table.11	blastp	metahit_2014_pep
d9539_asm_v1.2_52	gi|138012974|gb|EBX27322.1|	50.0	26	10	1	1	23	1	26	7.1	28.5	43	109	138012974	408172.0			53	hypothetical protein GOS_6613730 [marine metagenome]	blastp	env_nr
d9539_asm_v1.2_52	CAPGI0001_2276	52.381	21	10	0	23	43	50	70	8.1	28.5	43	95	0				49	CAPGI0001_2276 hypothetical protein [Capnocytophaga gingivalis ATCC 33624]	blastp	hmp_pep
d9539_asm_v1.2_5	MH0409_GL0061975	91.37899999999999	58	5	0	1	58	29	86	1.22e-31	113.0	58	86	0				100	MH0409_GL0061975  [gene]  locus=scaffold117357_3:177:437:+ [Complete] codon-table.11	blastp	metahit_2014_pep
d9539_asm_v1.2_5	675950834-stool1_revised_C814893_1_gene71376	89.655	58	6	0	1	58	1	58	1.9699999999999998e-31	112.0	58	58	0				100	675950834-stool1_revised_C814893_1_gene71376 strand:+  start:1717 stop:1893 length:177 start_codon:yes stop_codon:yes gene_type:complete [Complete] codon-table.11	blastp	metahit_2014_pep
d9539_asm_v1.2_5	MH0105_GL0047475	89.655	58	6	0	1	58	29	86	2.88e-31	112.0	58	86	0				100	MH0105_GL0047475  [gene]  locus=scaffold1014_1:698:958:+ [Complete] codon-table.11	blastp	metahit_2014_pep
d9539_asm_v1.2_5	MH0203_GL0004312	89.655	58	6	0	1	58	29	86	3.25e-31	112.0	58	86	0				100	MH0203_GL0004312  [gene]  locus=C2075218_1:1531:1791:+ [Complete] codon-table.11	blastp	metahit_2014_pep
d9539_asm_v1.2_5	MH0033_GL0005948	89.655	58	6	0	1	58	29	86	4.35e-31	112.0	58	86	0				100	MH0033_GL0005948  [gene]  locus=scaffold47970_1:5460:5720:+ [Complete] codon-table.11	blastp	metahit_2014_pep
d9539_asm_v1.2_5	V1.UC58-0_GL0088247	89.655	58	6	0	1	58	1	58	1.63e-30	109.0	58	58	0				100	V1.UC58-0_GL0088247  [gene]  locus=C1432657_1:4818:4994:- [Complete] codon-table.11	blastp	metahit_2014_pep
d9539_asm_v1.2_5	159166850-stool1_revised_C1063521_1_gene104933	89.655	58	6	0	1	58	1	58	1.8599999999999997e-30	109.0	58	58	0				100	159166850-stool1_revised_C1063521_1_gene104933 strand:+  start:4123 stop:4299 length:177 start_codon:yes stop_codon:yes gene_type:complete [Complete] codon-table.11	blastp	metahit_2014_pep
d9539_asm_v1.2_5	MH0390_GL0216351	87.931	58	7	0	1	58	29	86	3.1199999999999998e-30	109.0	58	86	0				100	MH0390_GL0216351  [gene]  locus=scaffold140355_1:1446:1706:+ [Complete] codon-table.11	blastp	metahit_2014_pep
d9539_asm_v1.2_5	MH0173_GL0080584	87.931	58	7	0	1	58	29	86	1.2300000000000001e-29	108.0	58	86	0				100	MH0173_GL0080584  [gene]  locus=scaffold46377_3:370:630:- [Complete] codon-table.11	blastp	metahit_2014_pep
d9539_asm_v1.2_5	MH0379_GL0138311	86.20700000000001	58	8	0	1	58	1	58	4.6e-29	105.0	58	58	0				100	MH0379_GL0138311  [gene]  locus=C1279931_1:5628:5804:- [Lack 5'-end] codon-table.11	blastp	metahit_2014_pep
d9539_asm_v1.2_5	GL0012681_MH0069_[Lack_3'-end]_[mRNA]_locus=C6797415_1:3:281:-	50.0	48	24	0	3	50	42	89	8.38e-10	55.5	58	93	0				83	GL0012681_MH0069_[Lack_3'-end]_[mRNA]_locus=C6797415_1:3:281:- [translate_table: standard]	blastp	metahit_pep
d9539_asm_v1.2_5	gi|820946546|emb|CFW92840.1|	36.364000000000004	33	21	0	2	34	143	175	2.1	35.0	58	176	820946546	1609546			57	protein of unknown function [endosymbiont DhMRE of Dentiscutata heterogama]	blastp	nr
d9539_asm_v1.2_5	GL0019902_MH0046_[Complete]_[mRNA]_locus=scaffold87326_1:169:366:+	31.480999999999998	54	30	3	10	56	10	63	0.12	32.7	58	65	0				81	GL0019902_MH0046_[Complete]_[mRNA]_locus=scaffold87326_1:169:366:+ [translate_table: standard]	blastp	metahit_pep
d9539_asm_v1.2_5	gi|140773177|gb|ECN40753.1|	30.508000000000003	59	32	2	1	51	124	181	2.2	31.2	58	206	140773177	408172.0			88	hypothetical protein GOS_6058719, partial [marine metagenome]	blastp	env_nr
d9539_asm_v1.2_5	gi|139039289|gb|ECC98867.1|	34.884	43	20	1	1	35	129	171	2.6	30.8	58	174	139039289	408172.0			60	hypothetical protein GOS_5221334, partial [marine metagenome]	blastp	env_nr
d9539_asm_v1.2_5	HMPREF0400_00248	46.153999999999996	26	14	0	9	34	2	27	7.0	30.4	58	248	0				45	HMPREF0400_00248 hypothetical protein [Fusobacterium periodonticum 1_1_41FAA]	blastp	hmp_pep
d9539_asm_v1.2_5	HMPREF9136_2685	38.635999999999996	44	24	1	4	47	2	42	2.3	30.0	58	47	0				76	HMPREF9136_2685 hypothetical protein [Prevotella dentalis DSM 3688]	blastp	hmp_pep
d9539_asm_v1.2_5	HMPREF9136_2685	38.635999999999996	44	24	1	4	47	2	42	2.3	30.0	58	47	0				76	HMPREF9136_2685 hypothetical protein [Prevotella dentalis DSM 3688]	blastp	hmp_pep
d9539_asm_v1.2_5	gi|135943891|gb|EBK87411.1|	28.814	59	33	2	1	51	124	181	6.8	29.6	58	193	135943891	408172.0			88	hypothetical protein GOS_8661086, partial [marine metagenome]	blastp	env_nr
d9539_asm_v1.2_5	gi|143562029|gb|EDF64666.1|	28.814	59	33	2	1	51	90	147	7.4	29.6	58	216	143562029	408172.0			88	hypothetical protein GOS_918582, partial [marine metagenome]	blastp	env_nr
d9539_asm_v1.2_5	gi|142320169|gb|ECX23253.1|	28.814	59	33	2	1	51	124	181	7.6	29.6	58	250	142320169	408172.0			88	hypothetical protein GOS_2575347 [marine metagenome]	blastp	env_nr
d9539_asm_v1.2_5	gi|137437342|gb|EBU09701.1|	32.558	43	21	1	1	35	124	166	8.1	29.6	58	168	137437342	408172.0			60	hypothetical protein GOS_7166990, partial [marine metagenome]	blastp	env_nr
d9539_asm_v1.2_5	gi|143443754|gb|EDE98895.1|	28.814	59	33	2	1	51	124	181	8.2	29.6	58	250	143443754	408172.0			88	hypothetical protein GOS_1034884 [marine metagenome]	blastp	env_nr
d9539_asm_v1.2_5	GL0184885_MH0006_[Complete]_[mRNA]_locus=scaffold160683_1:4001:4201:+	57.143	21	9	0	12	32	13	33	1.4	29.6	58	66	0				36	GL0184885_MH0006_[Complete]_[mRNA]_locus=scaffold160683_1:4001:4201:+ [translate_table: standard]	blastp	metahit_pep
d9539_asm_v1.2_5	GL0129896_V1_[Complete]_[mRNA]_locus=scaffold23533_1:8423:9493:+	33.333	39	26	0	2	40	21	59	6.0	29.6	58	356	0				67	GL0129896_V1_[Complete]_[mRNA]_locus=scaffold23533_1:8423:9493:+ [translate_table: standard]	blastp	metahit_pep
d9539_asm_v1.2_5	GL0069547_MH0031_[Complete]_[mRNA]_locus=scaffold3329_8:1871:3637:+	54.545	22	10	0	16	37	78	99	8.4	29.3	58	588	0				38	GL0069547_MH0031_[Complete]_[mRNA]_locus=scaffold3329_8:1871:3637:+ [translate_table: standard]	blastp	metahit_pep
d9539_asm_v1.2_5	GL0118134_MH0033_[Complete]_[mRNA]_locus=C3777010_1:1370:1789:+	45.455	33	14	1	24	56	57	85	8.2	28.5	58	139	0				57	GL0118134_MH0033_[Complete]_[mRNA]_locus=C3777010_1:1370:1789:+ [translate_table: standard]	blastp	metahit_pep
d9539_asm_v1.2_47	CLOSTASPAR_06445	30.612	98	59	4	15	111	8	97	0.42	35.4	117	156	0				83	CLOSTASPAR_06445 hypothetical protein [Lachnospiraceae [Clostridium asparagiforme] DSM 15981]	blastp	hmp_pep
d9539_asm_v1.2_47	CLOSTASPAR_06445	30.612	98	59	4	15	111	8	97	0.42	35.4	117	156	0				83	CLOSTASPAR_06445 hypothetical protein [Lachnospiraceae [Clostridium asparagiforme] DSM 15981]	blastp	hmp_pep
d9539_asm_v1.2_47	MH0206_GL0174304	46.875	32	17	0	47	78	145	176	0.79	35.0	117	201	0				27	MH0206_GL0174304  [gene]  locus=scaffold26255_1:69582:70187:+ [Complete] codon-table.11	blastp	metahit_2014_pep
d9539_asm_v1.2_47	GL0040237_MH0025_[Complete]_[mRNA]_locus=scaffold9581_3:435:1040:+	46.875	32	17	0	47	78	145	176	0.25	35.0	117	201	0				27	GL0040237_MH0025_[Complete]_[mRNA]_locus=scaffold9581_3:435:1040:+ [translate_table: standard]	blastp	metahit_pep
d9539_asm_v1.2_47	SZEY-10A_GL0078624	30.612	98	59	4	15	111	8	97	0.95	34.7	117	151	0				83	SZEY-10A_GL0078624  [gene]  locus=scaffold15870_2:2:454:- [Lack 3'-end] codon-table.11	blastp	metahit_2014_pep
d9539_asm_v1.2_47	GCWU000325_01983	40.0	40	24	0	2	41	530	569	1.7	34.3	117	677	0				34	GCWU000325_01983 excinuclease ABC, B subunit [Prevotella tannerae ATCC 51259]	blastp	hmp_pep
d9539_asm_v1.2_47	GCWU000325_01983	40.0	40	24	0	2	41	530	569	1.7	34.3	117	677	0				34	GCWU000325_01983 excinuclease ABC, B subunit [Prevotella tannerae ATCC 51259]	blastp	hmp_pep
d9539_asm_v1.2_47	MH0378_GL0017443	35.0	40	26	0	2	41	530	569	3.9	33.5	117	685	0				34	MH0378_GL0017443  [gene]  locus=scaffold105474_1:10378:12435:- [Complete] codon-table.11	blastp	metahit_2014_pep
d9539_asm_v1.2_47	MH0006_GL0140179	35.0	40	26	0	2	41	530	569	7.5	32.7	117	682	0				34	MH0006_GL0140179  [gene]  locus=scaffold221284_1:13163:15211:- [Complete] codon-table.11	blastp	metahit_2014_pep
d9539_asm_v1.2_47	GL0019297_MH0004_[Complete]_[mRNA]_locus=scaffold7091_4:3094:5142:-	35.0	40	26	0	2	41	530	569	2.3	32.7	117	682	0				34	GL0019297_MH0004_[Complete]_[mRNA]_locus=scaffold7091_4:3094:5142:- [translate_table: standard]	blastp	metahit_pep
d9539_asm_v1.2_47	gi|136325274|gb|EBN40269.1|	30.769000000000002	78	45	2	36	111	105	175	4.5	32.3	117	256	136325274	408172.0			65	hypothetical protein GOS_8252579, partial [marine metagenome]	blastp	env_nr
d9539_asm_v1.2_47	MH0106_GL0041710	35.0	40	26	0	2	41	530	569	8.7	32.3	117	679	0				34	MH0106_GL0041710  [gene]  locus=scaffold26909_8:9486:11525:- [Complete] codon-table.11	blastp	metahit_2014_pep
d9539_asm_v1.2_47	MH0152_GL0007220	35.0	40	26	0	2	41	542	581	9.4	32.3	117	691	0				34	MH0152_GL0007220  [gene]  locus=scaffold10803_1:14395:16470:+ [Complete] codon-table.11	blastp	metahit_2014_pep
d9539_asm_v1.2_47	GL0061887_MH0055_[Complete]_[mRNA]_locus=scaffold9708_4:5555:7594:+	35.0	40	26	0	2	41	530	569	2.7	32.3	117	679	0				34	GL0061887_MH0055_[Complete]_[mRNA]_locus=scaffold9708_4:5555:7594:+ [translate_table: standard]	blastp	metahit_pep
d9539_asm_v1.2_47	GL0047377_MH0014_[Complete]_[mRNA]_locus=scaffold3494_5:19996:22056:-	32.394	71	43	2	2	71	529	595	4.0	32.0	117	686	0				60	GL0047377_MH0014_[Complete]_[mRNA]_locus=scaffold3494_5:19996:22056:- [translate_table: standard]	blastp	metahit_pep
d9539_asm_v1.2_47	GL0161094_V1_[Complete]_[mRNA]_locus=scaffold1692_2:440:2479:-	37.5	40	25	0	2	41	529	568	4.0	32.0	117	679	0				34	GL0161094_V1_[Complete]_[mRNA]_locus=scaffold1692_2:440:2479:- [translate_table: standard]	blastp	metahit_pep
d9539_asm_v1.2_47	GL0047565_O2_[Complete]_[mRNA]_locus=scaffold1875_10:16224:18266:-	33.333	60	38	1	2	59	530	589	4.5	32.0	117	680	0				50	GL0047565_O2_[Complete]_[mRNA]_locus=scaffold1875_10:16224:18266:- [translate_table: standard]	blastp	metahit_pep
d9539_asm_v1.2_47	GL0111951_MH0055_[Complete]_[mRNA]_locus=scaffold1834_6:5670:7694:-	32.5	40	27	0	2	41	529	568	5.9	31.6	117	674	0				34	GL0111951_MH0055_[Complete]_[mRNA]_locus=scaffold1834_6:5670:7694:- [translate_table: standard]	blastp	metahit_pep
d9539_asm_v1.2_47	GL0055807_MH0016_[Complete]_[mRNA]_locus=scaffold25635_5:1524:3557:+	32.5	40	27	0	2	41	529	568	6.1	31.6	117	677	0				34	GL0055807_MH0016_[Complete]_[mRNA]_locus=scaffold25635_5:1524:3557:+ [translate_table: standard]	blastp	metahit_pep
d9539_asm_v1.2_47	GL0007548_MH0009_[Complete]_[mRNA]_locus=scaffold84261_1:9209:11275:+	35.0	40	26	0	2	41	530	569	6.5	31.2	117	688	0				34	GL0007548_MH0009_[Complete]_[mRNA]_locus=scaffold84261_1:9209:11275:+ [translate_table: standard]	blastp	metahit_pep
d9539_asm_v1.2_47	GL0108547_MH0038_[Complete]_[mRNA]_locus=scaffold21029_1:5875:7923:-	35.0	40	26	0	2	41	530	569	7.4	31.2	117	682	0				34	GL0108547_MH0038_[Complete]_[mRNA]_locus=scaffold21029_1:5875:7923:- [translate_table: standard]	blastp	metahit_pep
d9539_asm_v1.2_44	GL0097483_MH0053_[Lack_5'-end]_[mRNA]_locus=scaffold30416_11:63:686:-	27.273000000000003	66	43	1	68	133	138	198	0.13	37.0	162	207	0				41	GL0097483_MH0053_[Lack_5'-end]_[mRNA]_locus=scaffold30416_11:63:686:- [translate_table: standard]	blastp	metahit_pep
d9539_asm_v1.2_44	gi|137967450|gb|EBX02460.1|	31.111	90	50	2	75	152	133	222	0.8	35.4	162	222	137967450	408172.0			48	hypothetical protein GOS_6653177 [marine metagenome]	blastp	env_nr
d9539_asm_v1.2_44	gi|594820617|dbj|GAI69521.1|	33.333	75	45	1	80	154	102	171	1.5	34.7	162	224	594820617	412755.0			46	unnamed protein product, partial [marine sediment metagenome]	blastp	env_nr
d9539_asm_v1.2_44	gi|142892464|gb|EDB32282.1|	25.61	82	49	1	75	144	125	206	1.8	34.7	162	254	142892464	408172.0			43	hypothetical protein GOS_1843674 [marine metagenome]	blastp	env_nr
d9539_asm_v1.2_44	gi|140007996|gb|ECI96906.1|	28.319000000000003	113	56	5	54	144	72	181	3.4	33.9	162	229	140007996	408172.0			56	hypothetical protein GOS_6195354, partial [marine metagenome]	blastp	env_nr
d9539_asm_v1.2_44	gi|137854729|gb|EBW38375.1|	28.570999999999998	84	48	2	73	144	4	87	2.6	33.5	162	135	137854729	408172.0			44	hypothetical protein GOS_6755419, partial [marine metagenome]	blastp	env_nr
d9539_asm_v1.2_44	gi|142292441|gb|ECX02608.1|	29.63	54	38	0	75	128	17	70	3.0	33.5	162	146	142292441	408172.0			33	hypothetical protein GOS_2612633, partial [marine metagenome]	blastp	env_nr
d9539_asm_v1.2_44	gi|139429057|gb|ECF05113.1|	31.461	89	42	4	75	144	18	106	3.3	33.5	162	154	139429057	408172.0			43	hypothetical protein GOS_4256275, partial [marine metagenome]	blastp	env_nr
d9539_asm_v1.2_44	GL0596248_unmapped_[Lack_3'-end]_[mRNA]_locus=scaffold30787_1:801:1751:+	34.615	52	34	0	90	141	152	203	2.6	33.5	162	317	0				32	GL0596248_unmapped_[Lack_3'-end]_[mRNA]_locus=scaffold30787_1:801:1751:+ [translate_table: standard]	blastp	metahit_pep
d9539_asm_v1.2_44	gi|141094871|gb|ECP58802.1|	29.213	89	44	4	75	144	5	93	3.6	33.1	162	141	141094871	408172.0			43	hypothetical protein GOS_5484175, partial [marine metagenome]	blastp	env_nr
d9539_asm_v1.2_44	gi|143034513|gb|EDC33467.1|	28.570999999999998	84	48	2	73	144	8	91	3.8	33.1	162	139	143034513	408172.0			44	hypothetical protein GOS_1494377, partial [marine metagenome]	blastp	env_nr
d9539_asm_v1.2_44	MH0126_GL0066672	29.73	74	50	2	81	152	96	169	9.0	33.1	162	184	0				44	MH0126_GL0066672  [gene]  locus=scaffold29714_1:280:834:- [Complete] codon-table.11	blastp	metahit_2014_pep
d9539_asm_v1.2_44	gi|134563436|gb|EBC08988.1|	28.570999999999998	84	48	2	73	144	9	92	5.4	32.7	162	140	134563436	408172.0			44	hypothetical protein GOS_125870, partial [marine metagenome]	blastp	env_nr
d9539_asm_v1.2_44	T2D-70A_GL0060579	23.438000000000002	64	48	1	26	88	48	111	6.8	32.7	162	111	0				39	T2D-70A_GL0060579  [gene]  locus=scaffold84715_1:32102:32437:- [Complete] codon-table.11	blastp	metahit_2014_pep
d9539_asm_v1.2_44	GL0474501_unmapped_[Lack_3'-end]_[mRNA]_locus=scaffold484799_1:3:194:-	39.535	43	26	0	91	133	16	58	2.5	31.6	162	64	0				27	GL0474501_unmapped_[Lack_3'-end]_[mRNA]_locus=scaffold484799_1:3:194:- [translate_table: standard]	blastp	metahit_pep
d9539_asm_v1.2_42	MH0272_GL0042408	43.75	48	22	1	58	105	215	257	1.1	36.2	161	893	0				30	MH0272_GL0042408  [gene]  locus=scaffold609_13:335:3016:- [Complete] codon-table.11	blastp	metahit_2014_pep
d9539_asm_v1.2_42	CORMATOL_01137	37.209	43	27	0	61	103	186	228	2.0	35.0	161	403	0				27	CORMATOL_01137 putative RIP metalloprotease RseP [Corynebacterium matruchotii ATCC 33806]	blastp	hmp_pep
d9539_asm_v1.2_42	CORMATOL_01137	37.209	43	27	0	61	103	186	228	2.0	35.0	161	403	0				27	CORMATOL_01137 putative RIP metalloprotease RseP [Corynebacterium matruchotii ATCC 33806]	blastp	hmp_pep
d9539_asm_v1.2_42	HMPREF0299_6696	37.209	43	27	0	61	103	186	228	2.2	35.0	161	403	0				27	HMPREF0299_6696 putative RIP metalloprotease RseP [Corynebacterium matruchotii ATCC 14266]	blastp	hmp_pep
d9539_asm_v1.2_42	V1.FI17_GL0233719	25.0	72	54	0	69	140	172	243	7.8	33.5	161	323	0				45	V1.FI17_GL0233719  [gene]  locus=C1381628_1:351:1322:+ [Complete] codon-table.11	blastp	metahit_2014_pep
d9539_asm_v1.2_42	gi|141119720|gb|ECP76278.1|	35.714	56	29	1	50	98	131	186	4.9	33.1	161	256	141119720	408172.0			30	hypothetical protein GOS_4793510, partial [marine metagenome]	blastp	env_nr
d9539_asm_v1.2_42	HMPREF1050_0018	25.0	92	64	3	36	127	59	145	5.5	33.1	161	145	0				57	HMPREF1050_0018 hypothetical protein [Haemophilus parahaemolyticus HK385]	blastp	hmp_pep
d9539_asm_v1.2_42	GL0050501_V1_[Lack_5'-end]_[mRNA]_locus=scaffold33458_5:1:606:+	23.81	84	52	2	79	157	108	184	2.9	33.1	161	201	0				49	GL0050501_V1_[Lack_5'-end]_[mRNA]_locus=scaffold33458_5:1:606:+ [translate_table: standard]	blastp	metahit_pep
d9539_asm_v1.2_42	MH0451_GL0103996	48.148	27	14	0	30	56	5	31	7.3	31.6	161	35	0				17	MH0451_GL0103996  [gene]  locus=scaffold53378_1:1253:1360:- [Lack 5'-end] codon-table.11	blastp	metahit_2014_pep
d9539_asm_v1.2_40	O2.UC35-1_GL0185327	34.426	122	76	1	13	130	1	122	2.89e-11	64.7	167	125	0				71	O2.UC35-1_GL0185327  [gene]  locus=scaffold30109_2:66:443:+ [Complete] codon-table.11	blastp	metahit_2014_pep
d9539_asm_v1.2_40	MH0280_GL0218843	27.941	136	98	0	1	136	31	166	1.74e-08	57.4	167	175	0				81	MH0280_GL0218843  [gene]  locus=C1485407_1:5378:5905:+ [Complete] codon-table.11	blastp	metahit_2014_pep
d9539_asm_v1.2_40	GL0047179_MH0002_[Complete]_[mRNA]_locus=scaffold54930_7:164:835:-	26.087	138	98	2	1	136	79	214	2.47e-07	53.5	167	223	0				81	GL0047179_MH0002_[Complete]_[mRNA]_locus=scaffold54930_7:164:835:- [translate_table: standard]	blastp	metahit_pep
d9539_asm_v1.2_40	gi|891172266|ref|WP_048915205.1|	24.8	125	71	2	6	107	299	423	0.98	39.7	167	508	891172266	1628855			61	exopolyphosphatase [bacteria symbiont BFo1 of Frankliniella occidentalis]	blastp	nr
d9539_asm_v1.2_40	gi|736941349|ref|WP_034938326.1|	25.6	125	70	2	6	107	299	423	1.1	39.7	167	510	736941349	69222			61	exopolyphosphatase [Erwinia mallotivora]	blastp	nr
d9539_asm_v1.2_40	gi|294659351|ref|XP_461719.2|	26.316	76	56	0	92	167	585	660	1.3	39.3	167	922	294659351	284592			46	DEHA2G03982p [Debaryomyces hansenii CBS767]	blastp	nr
d9539_asm_v1.2_40	gi|736918712|ref|WP_034916349.1|	24.8	125	71	2	6	107	299	423	1.4	39.3	167	509	736918712	551			61	MULTISPECIES: exopolyphosphatase [Erwinia]	blastp	nr
d9539_asm_v1.2_40	gi|562748669|ref|WP_023655781.1|	25.397	126	69	3	6	106	299	424	1.9	38.9	167	508	562748669	665097;1161919	N/A;N/A	N/A;N/A	60	exopolyphosphatase [Erwinia piriflorinigrans]	blastp	nr
d9539_asm_v1.2_40	gi|501409230|ref|WP_012440796.1|	24.603	126	70	3	6	106	299	424	1.9	38.9	167	508	501409230	338565;465817	N/A;N/A	N/A;N/A	60	exopolyphosphatase [Erwinia tasmaniensis]	blastp	nr
d9539_asm_v1.2_40	gi|142244650|gb|ECW67518.1|	27.368000000000002	95	69	0	23	117	52	146	0.21	37.4	167	191	142244650	408172.0			57	hypothetical protein GOS_2677690 [marine metagenome]	blastp	env_nr
d9539_asm_v1.2_40	gi|501911534|ref|WP_012667425.1|	25.397	126	69	3	6	106	299	424	6.3	37.4	167	508	501911534	79967;634499;644651	N/A;N/A;N/A	N/A;N/A;N/A	60	exopolyphosphatase [Erwinia pyrifoliae]	blastp	nr
d9539_asm_v1.2_40	gi|504354787|ref|WP_014541889.1|	25.397	126	69	3	6	106	299	424	6.4	37.4	167	508	504354787	215689			60	exopolyphosphatase [Erwinia sp. Ejp617]	blastp	nr
d9539_asm_v1.2_40	gi|736894829|ref|WP_034893819.1|	25.6	125	70	2	6	107	299	423	6.4	37.4	167	510	736894829	371042			61	exopolyphosphatase [Erwinia typographi]	blastp	nr
d9539_asm_v1.2_40	gi|490272106|ref|WP_004168230.1|	26.087	138	74	4	6	115	299	436	7.0	37.4	167	508	490272106	552;1255309;1255310	N/A;N/A;N/A	N/A;N/A;N/A	66	exopolyphosphatase [Erwinia amylovora]	blastp	nr
d9539_asm_v1.2_40	T2D-78A_GL0074371	37.288000000000004	59	31	3	89	146	2	55	0.59	35.0	167	67	0				35	T2D-78A_GL0074371  [gene]  locus=scaffold17901_1:1:204:+ [Lack 5'-end] codon-table.11	blastp	metahit_2014_pep
d9539_asm_v1.2_40	gi|135777259|gb|EBJ77817.1|	25.805999999999997	124	71	6	49	166	13	121	2.5	34.3	167	181	135777259	408172.0			71	hypothetical protein GOS_8841299, partial [marine metagenome]	blastp	env_nr
d9539_asm_v1.2_40	HMPREF9141_2545	36.957	46	27	1	67	112	82	125	4.0	33.5	167	149	0				28	HMPREF9141_2545 hypothetical protein [Prevotella multiformis DSM 16608]	blastp	hmp_pep
d9539_asm_v1.2_40	HMPREF9141_2545	36.957	46	27	1	67	112	82	125	4.0	33.5	167	149	0				28	HMPREF9141_2545 hypothetical protein [Prevotella multiformis DSM 16608]	blastp	hmp_pep
d9539_asm_v1.2_40	gi|143837766|gb|EDG98809.1|	26.718000000000004	131	61	8	49	166	9	117	5.5	32.7	167	149	143837766	408172.0			71	hypothetical protein GOS_686082 [marine metagenome]	blastp	env_nr
d9539_asm_v1.2_40	GL0014667_MH0064_[Complete]_[mRNA]_locus=scaffold19744_1:2081:2902:-	34.615	78	46	2	55	128	17	93	7.3	32.3	167	273	0				44	GL0014667_MH0064_[Complete]_[mRNA]_locus=scaffold19744_1:2081:2902:- [translate_table: standard]	blastp	metahit_pep
d9539_asm_v1.2_40	gi|816457949|gb|KKK88804.1|	42.424	33	18	1	130	162	13	44	3.2	32.0	167	62	816457949	412755.0			20	hypothetical protein LCGC14_2739480 [marine sediment metagenome]	blastp	env_nr
d9539_asm_v1.2_40	GL0290953_MH0012_[Complete]_[mRNA]_locus=scaffold4188_6:37:1317:-	41.026	39	23	0	8	46	4	42	9.8	32.0	167	426	0				23	GL0290953_MH0012_[Complete]_[mRNA]_locus=scaffold4188_6:37:1317:- [translate_table: standard]	blastp	metahit_pep
d9539_asm_v1.2_4	O2.UC60-0_GL0092321	36.735	49	29	1	5	51	8	56	0.085	34.3	52	58	0				90	O2.UC60-0_GL0092321  [gene]  locus=scaffold644_11:271:447:+ [Complete] codon-table.11	blastp	metahit_2014_pep
d9539_asm_v1.2_4	MH0149_GL0099708	34.091	44	29	0	7	50	12	55	2.8	30.8	52	121	0				85	MH0149_GL0099708  [gene]  locus=scaffold11709_29:595:957:+ [Lack 3'-end] codon-table.11	blastp	metahit_2014_pep
d9539_asm_v1.2_4	O2.UC15-2_GL0157600	38.889	36	22	0	15	50	20	55	7.7	30.8	52	378	0				69	O2.UC15-2_GL0157600  [gene]  locus=scaffold78371_3:7147:8283:- [Complete] codon-table.11	blastp	metahit_2014_pep
d9539_asm_v1.2_4	MH0222_GL0174715	38.889	36	22	0	15	50	243	278	8.6	30.8	52	601	0				69	MH0222_GL0174715  [gene]  locus=scaffold131854_2:26894:28699:- [Complete] codon-table.11	blastp	metahit_2014_pep
d9539_asm_v1.2_4	GL0022926_MH0074_[Complete]_[mRNA]_locus=scaffold42992_2:3259:5064:+	38.889	36	22	0	15	50	243	278	2.7	30.8	52	601	0				69	GL0022926_MH0074_[Complete]_[mRNA]_locus=scaffold42992_2:3259:5064:+ [translate_table: standard]	blastp	metahit_pep
d9539_asm_v1.2_4	gi|402685296|gb|EJX08051.1|	36.111	36	23	0	16	51	147	182	7.7	30.0	52	416	402685296	749906.0			69	glycosyl transferase group 1 [gut metagenome]	blastp	env_nr
d9539_asm_v1.2_4	GL0068314_V1_[Complete]_[mRNA]_locus=scaffold42367_11:1623:2942:-	30.0	50	33	1	1	50	20	67	4.5	29.6	52	439	0				96	GL0068314_V1_[Complete]_[mRNA]_locus=scaffold42367_11:1623:2942:- [translate_table: standard]	blastp	metahit_pep
d9539_asm_v1.2_4	V1.UC8-0_GL0047122	30.612	49	32	1	5	51	25	73	8.5	28.9	52	75	0				90	V1.UC8-0_GL0047122  [gene]  locus=scaffold75959_2:1:228:+ [Lack 5'-end] codon-table.11	blastp	metahit_2014_pep
d9539_asm_v1.2_4	GL0053331_MH0003_[Complete]_[mRNA]_locus=scaffold12561_1:2081:2257:+	30.612	49	32	1	5	51	8	56	2.2	28.9	52	58	0				90	GL0053331_MH0003_[Complete]_[mRNA]_locus=scaffold12561_1:2081:2257:+ [translate_table: standard]	blastp	metahit_pep
d9539_asm_v1.2_37	764143897-stool1_revised_scaffold5319_4_gene80368	40.741	27	16	0	24	50	149	175	7.0	30.8	53	358	0				51	764143897-stool1_revised_scaffold5319_4_gene80368 strand:+  start:1 stop:1077 length:1077 start_codon:no stop_codon:yes gene_type:incomplete [Lack 5'-end] codon-table.11	blastp	metahit_2014_pep
d9539_asm_v1.2_37	gi|143326948|gb|EDE35004.1|	44.443999999999996	36	20	0	16	51	46	81	8.5	28.9	53	126	143326948	408172.0			68	hypothetical protein GOS_1145897 [marine metagenome]	blastp	env_nr
d9539_asm_v1.2_36	159268001-stool2_revised_scaffold23596_1_gene127889	35.849000000000004	53	32	1	14	64	2	54	0.01	37.4	80	54	0				64	159268001-stool2_revised_scaffold23596_1_gene127889 strand:-  start:3 stop:164 length:162 start_codon:yes stop_codon:no gene_type:incomplete [Lack 3'-end] codon-table.11	blastp	metahit_2014_pep
d9539_asm_v1.2_36	gi|514772549|ref|XP_004967523.1|	30.555999999999997	72	45	1	7	78	340	406	5.4	35.4	80	925	514772549	4555			90	PREDICTED: dual specificity protein phosphatase PHS1-like [Setaria italica]	blastp	nr
d9539_asm_v1.2_36	MH0329_GL0078502	42.105	38	22	0	32	69	395	432	1.3	33.9	80	458	0				48	MH0329_GL0078502  [gene]  locus=scaffold4270_1:3:1376:- [Lack 3'-end] codon-table.11	blastp	metahit_2014_pep
d9539_asm_v1.2_36	V1.CD2-0-PT_GL0003080	36.735	49	22	2	29	68	331	379	1.5	33.5	80	419	0				50	V1.CD2-0-PT_GL0003080  [gene]  locus=scaffold20607_1:7207:8466:+ [Complete] codon-table.11	blastp	metahit_2014_pep
d9539_asm_v1.2_36	MH0234_GL0062089	42.105	38	22	0	32	69	420	457	1.5	33.5	80	770	0				48	MH0234_GL0062089  [gene]  locus=scaffold563_5:1253:3565:+ [Complete] codon-table.11	blastp	metahit_2014_pep
d9539_asm_v1.2_36	GL0067657_V1_[Lack_3'-end]_[mRNA]_locus=scaffold30589_2:252:1994:+	42.105	38	22	0	32	69	420	457	0.46	33.5	80	581	0				48	GL0067657_V1_[Lack_3'-end]_[mRNA]_locus=scaffold30589_2:252:1994:+ [translate_table: standard]	blastp	metahit_pep
d9539_asm_v1.2_36	GL0030593_O2_[Complete]_[mRNA]_locus=scaffold3620_5:5474:6730:+	36.735	49	22	2	29	68	331	379	0.55	33.5	80	418	0				50	GL0030593_O2_[Complete]_[mRNA]_locus=scaffold3620_5:5474:6730:+ [translate_table: standard]	blastp	metahit_pep
d9539_asm_v1.2_36	GL0099508_O2_[Complete]_[mRNA]_locus=scaffold34745_3:398:1519:-	42.105	38	22	0	32	69	23	60	0.63	33.1	80	373	0				48	GL0099508_O2_[Complete]_[mRNA]_locus=scaffold34745_3:398:1519:- [translate_table: standard]	blastp	metahit_pep
d9539_asm_v1.2_36	GL0031733_V1_[Lack_5'-end]_[mRNA]_locus=scaffold35180_8:1779:2960:-	38.775999999999996	49	21	2	29	68	296	344	0.93	32.7	80	393	0				50	GL0031733_V1_[Lack_5'-end]_[mRNA]_locus=scaffold35180_8:1779:2960:- [translate_table: standard]	blastp	metahit_pep
d9539_asm_v1.2_36	HMPREF0168_2277	38.775999999999996	49	21	2	29	68	331	379	2.6	32.3	80	428	0				50	HMPREF0168_2277 ABC transporter, ATP-binding protein [Bifidobacterium dentium ATCC 27679]	blastp	hmp_pep
d9539_asm_v1.2_36	HMPREF0168_2277	38.775999999999996	49	21	2	29	68	331	379	2.6	32.3	80	428	0				50	HMPREF0168_2277 ABC transporter, ATP-binding protein [Bifidobacterium dentium ATCC 27679]	blastp	hmp_pep
d9539_asm_v1.2_36	HMPREF9003_1802	38.775999999999996	49	21	2	29	68	331	379	2.6	32.3	80	428	0				50	HMPREF9003_1802 ABC transporter, ATP-binding protein [Bifidobacterium dentium JCVIHMP022]	blastp	hmp_pep
d9539_asm_v1.2_36	BIFDEN_01086	38.775999999999996	49	21	2	29	68	331	379	2.6	32.3	80	428	0				50	BIFDEN_01086 ABC transporter, ATP-binding protein [Bifidobacterium dentium ATCC 27678]	blastp	hmp_pep
d9539_asm_v1.2_36	401473.BDP_2047	38.775999999999996	49	21	2	29	68	332	380	3.4	32.3	80	429	0				50	401473.BDP_2047 [Complete]:-  codon-table.11	blastp	metahit_2014_pep
d9539_asm_v1.2_36	HMPREF1071_03519	30.357	56	34	1	22	77	12	62	3.7	32.0	80	323	0				70	HMPREF1071_03519 hypothetical protein [Bacteroides salyersiae CL02T12C01]	blastp	hmp_pep
d9539_asm_v1.2_36	HMPREF1071_03519	30.357	56	34	1	22	77	12	62	3.7	32.0	80	323	0				70	HMPREF1071_03519 hypothetical protein [Bacteroides salyersiae CL02T12C01]	blastp	hmp_pep
d9539_asm_v1.2_36	HMPREF1532_02544	30.357	56	34	1	22	77	12	62	3.7	32.0	80	323	0				70	HMPREF1532_02544 hypothetical protein [Bacteroides salyersiae WAL 10018 = DSM 18765 = JCM 12988]	blastp	hmp_pep
d9539_asm_v1.2_36	HMPREF1532_02544	30.357	56	34	1	22	77	12	62	3.7	32.0	80	323	0				70	HMPREF1532_02544 hypothetical protein [Bacteroides salyersiae WAL 10018 = DSM 18765 = JCM 12988]	blastp	hmp_pep
d9539_asm_v1.2_36	MH0106_GL0014172	30.357	56	34	1	22	77	21	71	4.6	32.0	80	332	0				70	MH0106_GL0014172  [gene]  locus=scaffold48217_2:8323:9321:- [Lack 5'-end] codon-table.11	blastp	metahit_2014_pep
d9539_asm_v1.2_36	MH0160_GL0019779	30.435	46	32	0	9	54	474	519	4.6	32.0	80	538	0				58	MH0160_GL0019779  [gene]  locus=scaffold12757_9:678:2294:- [Lack 5'-end] codon-table.11	blastp	metahit_2014_pep
d9539_asm_v1.2_36	MH0297_GL0061234	30.435	46	32	0	9	54	507	552	4.7	32.0	80	571	0				58	MH0297_GL0061234  [gene]  locus=scaffold9784_9:4466:6181:- [Complete] codon-table.11	blastp	metahit_2014_pep
d9539_asm_v1.2_36	GL0094299_MH0038_[Complete]_[mRNA]_locus=scaffold58332_2:11351:12322:+	30.357	56	34	1	22	77	12	62	1.5	32.0	80	323	0				70	GL0094299_MH0038_[Complete]_[mRNA]_locus=scaffold58332_2:11351:12322:+ [translate_table: standard]	blastp	metahit_pep
d9539_asm_v1.2_36	GL0060709_V1_[Complete]_[mRNA]_locus=scaffold6242_2:4000:6237:-	46.875	32	17	0	32	63	395	426	1.9	32.0	80	745	0				40	GL0060709_V1_[Complete]_[mRNA]_locus=scaffold6242_2:4000:6237:- [translate_table: standard]	blastp	metahit_pep
d9539_asm_v1.2_36	V1.FI11_GL0170713	46.875	32	17	0	32	63	406	437	6.3	31.6	80	756	0				40	V1.FI11_GL0170713  [gene]  locus=scaffold83120_1:2582:4852:- [Lack 5'-end] codon-table.11	blastp	metahit_2014_pep
d9539_asm_v1.2_36	GL0082593_V1_[Complete]_[mRNA]_locus=scaffold5386_4:9066:11303:+	46.875	32	17	0	32	63	395	426	2.6	31.2	80	745	0				40	GL0082593_V1_[Complete]_[mRNA]_locus=scaffold5386_4:9066:11303:+ [translate_table: standard]	blastp	metahit_pep
d9539_asm_v1.2_36	gi|144216355|gb|EDJ71271.1|	40.909	22	13	0	44	65	187	208	9.4	30.0	80	234	144216355	408172.0			28	hypothetical protein GOS_1646227 [marine metagenome]	blastp	env_nr
d9539_asm_v1.2_36	GL0061790_MH0020_[Lack_5'-end]_[mRNA]_locus=scaffold13423_6:198:524:-	28.0	50	33	1	24	73	53	99	4.2	30.0	80	108	0				63	GL0061790_MH0020_[Lack_5'-end]_[mRNA]_locus=scaffold13423_6:198:524:- [translate_table: standard]	blastp	metahit_pep
d9539_asm_v1.2_36	gi|137091384|gb|EBS15543.1|	31.429000000000002	35	24	0	27	61	4	38	5.0	29.6	80	64	137091384	408172.0			44	hypothetical protein GOS_7482364, partial [marine metagenome]	blastp	env_nr
d9539_asm_v1.2_36	GL0081621_MH0071_[Complete]_[mRNA]_locus=scaffold20865_20:375:1073:-	23.944000000000003	71	47	2	3	73	160	223	9.2	29.6	80	232	0				89	GL0081621_MH0071_[Complete]_[mRNA]_locus=scaffold20865_20:375:1073:- [translate_table: standard]	blastp	metahit_pep
d9539_asm_v1.2_36	GL0059230_O2_[Lack_5'-end]_[mRNA]_locus=scaffold14396_5:1396:1920:-	23.944000000000003	71	47	2	3	73	100	163	9.9	29.3	80	174	0				89	GL0059230_O2_[Lack_5'-end]_[mRNA]_locus=scaffold14396_5:1396:1920:- [translate_table: standard]	blastp	metahit_pep
d9539_asm_v1.2_34	MH0197_GL0178002	23.076999999999998	91	70	0	62	152	160	250	0.031	40.4	155	332	0				59	MH0197_GL0178002  [gene]  locus=scaffold7430_13:1441:2439:+ [Complete] codon-table.11	blastp	metahit_2014_pep
d9539_asm_v1.2_34	gi|748257553|ref|WP_039812910.1|	23.485	132	89	5	26	153	76	199	0.75	39.7	155	236	748257553	1508404			83	DNA-binding response regulator [Jeotgalibacillus sp. D5]	blastp	nr
d9539_asm_v1.2_34	gi|751657158|ref|WP_041123974.1|	23.485	132	89	5	26	153	76	199	0.85	39.3	155	236	751657158	135826			83	DNA-binding response regulator [Jeotgalibacillus alimentarius]	blastp	nr
d9539_asm_v1.2_34	gi|142467939|gb|ECY29627.1|	41.303999999999995	46	27	0	105	150	198	243	0.13	38.1	155	372	142467939	408172.0			30	hypothetical protein GOS_2383769 [marine metagenome]	blastp	env_nr
d9539_asm_v1.2_34	gi|134874316|gb|EBD99975.1|	39.13	46	28	0	105	150	198	243	0.24	37.4	155	357	134874316	408172.0			30	hypothetical protein GOS_9837466, partial [marine metagenome]	blastp	env_nr
d9539_asm_v1.2_34	T2D-14A_GL0012297	25.531999999999996	94	64	2	5	94	18	109	1.7	35.4	155	538	0				58	T2D-14A_GL0012297  [gene]  locus=scaffold19253_1:4698:6314:- [Complete] codon-table.11	blastp	metahit_2014_pep
d9539_asm_v1.2_34	158742018-stool1_revised_scaffold25222_1_gene115706	30.555999999999997	72	47	2	78	149	3	71	0.62	35.0	155	90	0				46	158742018-stool1_revised_scaffold25222_1_gene115706 strand:-  start:9131 stop:9403 length:273 start_codon:yes stop_codon:yes gene_type:complete [Complete] codon-table.11	blastp	metahit_2014_pep
d9539_asm_v1.2_34	521095.Apar_0542	25.676	74	54	1	71	143	173	246	4.5	34.3	155	340	0				47	521095.Apar_0542 [Complete]:-  codon-table.11	blastp	metahit_2014_pep
d9539_asm_v1.2_34	MH0358_GL0057375	19.78	91	73	0	62	152	160	250	5.9	33.9	155	335	0				59	MH0358_GL0057375  [gene]  locus=scaffold64740_1:7821:8828:+ [Complete] codon-table.11	blastp	metahit_2014_pep
d9539_asm_v1.2_34	MH0377_GL0178757	30.881999999999998	68	46	1	3	69	22	89	5.4	33.5	155	175	0				43	MH0377_GL0178757  [gene]  locus=scaffold53694_2:2:529:+ [Lack 5'-end] codon-table.11	blastp	metahit_2014_pep
d9539_asm_v1.2_34	MH0009_GL0022227	28.846	52	35	1	101	152	197	246	7.5	33.5	155	329	0				34	MH0009_GL0022227  [gene]  locus=scaffold22902_1:5015:6004:+ [Complete] codon-table.11	blastp	metahit_2014_pep
d9539_asm_v1.2_34	gi|141001789|gb|ECO97001.1|	46.153999999999996	26	14	0	10	35	114	139	4.2	33.1	155	149	141001789	408172.0			17	hypothetical protein GOS_3363396, partial [marine metagenome]	blastp	env_nr
d9539_asm_v1.2_34	MH0374_GL0035574	25.424	59	44	0	94	152	11	69	7.5	33.1	155	151	0				38	MH0374_GL0035574  [gene]  locus=scaffold70862_2:429:884:- [Lack 5'-end] codon-table.11	blastp	metahit_2014_pep
d9539_asm_v1.2_34	gi|136419878|gb|EBO04612.1|	52.174	23	11	0	13	35	401	423	9.6	32.3	155	433	136419878	408172.0			15	hypothetical protein GOS_8146187 [marine metagenome]	blastp	env_nr
d9539_asm_v1.2_34	GL0194875_MH0012_[Lack_5'-end]_[mRNA]_locus=scaffold6669_1:1:519:+	23.729	59	45	0	94	152	32	90	5.2	32.3	155	172	0				38	GL0194875_MH0012_[Lack_5'-end]_[mRNA]_locus=scaffold6669_1:1:519:+ [translate_table: standard]	blastp	metahit_pep
d9539_asm_v1.2_33	GL0113735_V1_[Complete]_[mRNA]_locus=scaffold99063_1:2239:3483:-	54.545	22	10	0	8	29	16	37	8.5	28.5	31	414	0				71	GL0113735_V1_[Complete]_[mRNA]_locus=scaffold99063_1:2239:3483:- [translate_table: standard]	blastp	metahit_pep
d9539_asm_v1.2_32	MH0132_GL0095723	62.5	16	6	0	6	21	82	97	9.5	29.3	21	287	0				76	MH0132_GL0095723  [gene]  locus=scaffold29849_17:754:1617:+ [Complete] codon-table.11	blastp	metahit_2014_pep
d9539_asm_v1.2_32	GL0119380_MH0033_[Complete]_[mRNA]_locus=scaffold74483_10:1711:2574:+	62.5	16	6	0	6	21	82	97	5.0	28.5	21	287	0				76	GL0119380_MH0033_[Complete]_[mRNA]_locus=scaffold74483_10:1711:2574:+ [translate_table: standard]	blastp	metahit_pep
d9539_asm_v1.2_32	GL0116449_MH0060_[Lack_both_end]_[mRNA]_locus=scaffold46666_5:3:722:-	62.5	16	6	0	6	21	75	90	5.4	28.1	21	240	0				76	GL0116449_MH0060_[Lack_both_end]_[mRNA]_locus=scaffold46666_5:3:722:- [translate_table: standard]	blastp	metahit_pep
d9539_asm_v1.2_30	MH0039_GL0018308	98.969	97	1	0	1	97	1	97	5.35e-61	190.0	97	98	0				100	MH0039_GL0018308  [gene]  locus=scaffold66015_3:4614:4910:+ [Complete] codon-table.11	blastp	metahit_2014_pep
d9539_asm_v1.2_30	159166850-stool1_revised_C1063521_1_gene104932	97.93799999999999	97	2	0	1	97	1	97	8.550000000000001e-61	189.0	97	98	0				100	159166850-stool1_revised_C1063521_1_gene104932 strand:+  start:3528 stop:3824 length:297 start_codon:yes stop_codon:yes gene_type:complete [Complete] codon-table.11	blastp	metahit_2014_pep
d9539_asm_v1.2_30	V1.CD45-0_GL0161170	97.93799999999999	97	2	0	1	97	1	97	2.52e-60	188.0	97	97	0				100	V1.CD45-0_GL0161170  [gene]  locus=C1121074_1:4018:4311:- [Complete] codon-table.11	blastp	metahit_2014_pep
d9539_asm_v1.2_30	MH0195_GL0054241	96.90700000000001	97	3	0	1	97	1	97	9.53e-60	187.0	97	97	0				100	MH0195_GL0054241  [gene]  locus=C1627992_1:3095:3388:- [Complete] codon-table.11	blastp	metahit_2014_pep
d9539_asm_v1.2_30	GL0127673_MH0014_[Complete]_[mRNA]_locus=scaffold72606_2:47:340:+	96.90700000000001	97	3	0	1	97	1	97	2.979999999999999e-60	187.0	97	97	0				100	GL0127673_MH0014_[Complete]_[mRNA]_locus=scaffold72606_2:47:340:+ [translate_table: standard]	blastp	metahit_pep
d9539_asm_v1.2_30	N022A_GL0072367	95.876	97	4	0	1	97	1	97	1.8899999999999996e-59	186.0	97	97	0				100	N022A_GL0072367  [gene]  locus=C1078314_1:1436:1729:- [Complete] codon-table.11	blastp	metahit_2014_pep
d9539_asm_v1.2_30	MH0033_GL0005947	95.876	97	4	0	1	97	1	97	2.02e-59	186.0	97	97	0				100	MH0033_GL0005947  [gene]  locus=scaffold47970_1:4951:5244:+ [Complete] codon-table.11	blastp	metahit_2014_pep
d9539_asm_v1.2_30	MH0100_GL0100929	95.876	97	4	0	1	97	1	97	2.33e-59	186.0	97	97	0				100	MH0100_GL0100929  [gene]  locus=C1657075_1:381:674:- [Complete] codon-table.11	blastp	metahit_2014_pep
d9539_asm_v1.2_30	GL0027808_MH0033_[Complete]_[mRNA]_locus=C3777442_1:307:600:+	95.876	97	4	0	1	97	1	97	6.320000000000001e-60	186.0	97	97	0				100	GL0027808_MH0033_[Complete]_[mRNA]_locus=C3777442_1:307:600:+ [translate_table: standard]	blastp	metahit_pep
d9539_asm_v1.2_30	MH0454_GL0202592	95.876	97	4	0	1	97	1	97	3.0899999999999997e-59	185.0	97	97	0				100	MH0454_GL0202592  [gene]  locus=C2164004_1:1235:1528:+ [Complete] codon-table.11	blastp	metahit_2014_pep
d9539_asm_v1.2_30	V1.CD49-0_GL0024253	94.845	97	5	0	1	97	1	97	4.94e-59	185.0	97	97	0				100	V1.CD49-0_GL0024253  [gene]  locus=scaffold57460_1:2076:2369:- [Complete] codon-table.11	blastp	metahit_2014_pep
d9539_asm_v1.2_30	159227541-stool1_revised_scaffold12120_1_gene77399	95.876	97	4	0	1	97	1	97	5.75e-59	185.0	97	97	0				100	159227541-stool1_revised_scaffold12120_1_gene77399 strand:-  start:3277 stop:3570 length:294 start_codon:yes stop_codon:yes gene_type:complete [Complete] codon-table.11	blastp	metahit_2014_pep
d9539_asm_v1.2_30	GL0004613_MH0083_[Complete]_[mRNA]_locus=scaffold88179_2:164:457:-	94.845	97	5	0	1	97	1	97	8.82e-59	183.0	97	97	0				100	GL0004613_MH0083_[Complete]_[mRNA]_locus=scaffold88179_2:164:457:- [translate_table: standard]	blastp	metahit_pep
d9539_asm_v1.2_30	GL0030027_MH0039_[Lack_5'-end]_[mRNA]_locus=C3581983_1:415:633:-	98.59200000000001	71	1	0	27	97	1	71	2.37e-41	138.0	97	72	0				73	GL0030027_MH0039_[Lack_5'-end]_[mRNA]_locus=C3581983_1:415:633:- [translate_table: standard]	blastp	metahit_pep
d9539_asm_v1.2_30	GL0103047_V1_[Complete]_[mRNA]_locus=scaffold45917_2:358:654:+	64.444	90	32	0	2	91	3	92	1.13e-33	119.0	97	98	0				93	GL0103047_V1_[Complete]_[mRNA]_locus=scaffold45917_2:358:654:+ [translate_table: standard]	blastp	metahit_pep
d9539_asm_v1.2_30	GL0224636_unmapped_[Complete]_[mRNA]_locus=scaffold826027_1:128:424:+	65.517	87	30	0	4	90	5	91	2.6699999999999997e-31	113.0	97	98	0				90	GL0224636_unmapped_[Complete]_[mRNA]_locus=scaffold826027_1:128:424:+ [translate_table: standard]	blastp	metahit_pep
d9539_asm_v1.2_30	GL0012682_MH0069_[Lack_5'-end]_[mRNA]_locus=C6797415_1:304:567:-	64.706	85	30	0	12	96	2	86	6.329999999999999e-31	112.0	97	87	0				88	GL0012682_MH0069_[Lack_5'-end]_[mRNA]_locus=C6797415_1:304:567:- [translate_table: standard]	blastp	metahit_pep
d9539_asm_v1.2_30	GL0133569_V1_[Lack_3'-end]_[mRNA]_locus=scaffold43540_2:1:135:-	58.14	43	18	0	2	44	3	45	1.4300000000000002e-09	55.5	97	45	0				44	GL0133569_V1_[Lack_3'-end]_[mRNA]_locus=scaffold43540_2:1:135:- [translate_table: standard]	blastp	metahit_pep
d9539_asm_v1.2_30	gi|746486776|ref|WP_039524472.1|	29.545	88	57	2	4	87	104	190	0.28	39.3	97	308	746486776	1577904			87	hypothetical protein [Ruegeria sp. ANG-S4]	blastp	nr
d9539_asm_v1.2_30	gi|818162353|gb|KKP02290.1|	37.313	67	32	3	26	87	18	79	0.9	38.1	97	725	818162353	5544			64	OPT family small oligopeptide transporter, partial [Trichoderma harzianum]	blastp	nr
d9539_asm_v1.2_30	gi|901669373|emb|CQB88797.1|	31.522	92	60	3	1	90	337	427	0.9	38.1	97	531	901669373	813			93	cysteinyl-tRNA synthetase [Chlamydia trachomatis]	blastp	nr
d9539_asm_v1.2_30	gi|927421692|ref|XP_013956677.1|	37.313	67	32	3	26	87	18	79	1.3	37.7	97	794	927421692	413071			64	hypothetical protein TRIVIDRAFT_84034 [Trichoderma virens Gv29-8]	blastp	nr
d9539_asm_v1.2_30	gi|308466971|ref|XP_003095736.1|	39.655	58	30	3	1	54	59	115	3.3	36.2	97	502	308466971	31234			56	hypothetical protein CRE_10575 [Caenorhabditis remanei]	blastp	nr
d9539_asm_v1.2_30	gi|849275312|dbj|GAO82231.1|	33.961999999999996	53	35	0	37	89	811	863	4.0	36.2	97	968	849275312	91492			55	histone-lysine N-methyltransferase, H3 lysine-36 specific [Neosartorya udagawae]	blastp	nr
d9539_asm_v1.2_30	gi|1001852608|gb|AMM19841.1|	38.0	50	29	2	14	62	402	450	8.5	35.0	97	502	1001852608	1795630			51	potassium transporter [Frondihabitans sp. PAMC 28766]	blastp	nr
d9539_asm_v1.2_30	HMPREF9435_0912	29.348000000000003	92	62	3	1	90	337	427	1.0	34.3	97	529	0				93	HMPREF9435_0912 cysteine--tRNA ligase [Gardnerella vaginalis 315-A]	blastp	hmp_pep
d9539_asm_v1.2_30	gi|134997645|gb|EBE82446.1|	43.478	46	25	1	13	57	44	89	1.4	33.1	97	249	134997645	408172.0			46	hypothetical protein GOS_9698718, partial [marine metagenome]	blastp	env_nr
d9539_asm_v1.2_30	gi|135862890|gb|EBK31795.1|	38.806	67	39	2	5	70	1	66	2.4	32.3	97	281	135862890	408172.0			68	hypothetical protein GOS_8752625, partial [marine metagenome]	blastp	env_nr
d9539_asm_v1.2_30	gi|138261585|gb|EBY64726.1|	30.38	79	42	2	30	97	29	105	2.4	32.0	97	112	138261585	408172.0			70	hypothetical protein GOS_5001968, partial [marine metagenome]	blastp	env_nr
d9539_asm_v1.2_30	GL0022202_MH0012_[Complete]_[mRNA]_locus=scaffold2303_6:6583:7302:-	30.233	43	28	1	5	45	43	85	2.3	32.0	97	239	0				42	GL0022202_MH0012_[Complete]_[mRNA]_locus=scaffold2303_6:6583:7302:- [translate_table: standard]	blastp	metahit_pep
d9539_asm_v1.2_30	GL0066576_MH0025_[Complete]_[mRNA]_locus=scaffold86962_3:1323:3020:-	30.508000000000003	59	40	1	37	94	361	419	3.2	31.6	97	565	0				60	GL0066576_MH0025_[Complete]_[mRNA]_locus=scaffold86962_3:1323:3020:- [translate_table: standard]	blastp	metahit_pep
d9539_asm_v1.2_30	gi|143656643|gb|EDG10855.1|	32.692	52	34	1	5	55	98	149	6.0	31.2	97	273	143656643	408172.0			53	hypothetical protein GOS_839016, partial [marine metagenome]	blastp	env_nr
d9539_asm_v1.2_30	HMPREF1144_3139	30.508000000000003	59	40	1	20	78	88	145	9.1	31.2	97	445	0				61	HMPREF1144_3139 type VI secretion protein, VC_A0114 family [Klebsiella sp. OBRC7]	blastp	hmp_pep
d9539_asm_v1.2_3	MH0203_GL0004312	90.323	31	3	0	1	31	1	31	1.4500000000000002e-10	57.8	36	86	0				86	MH0203_GL0004312  [gene]  locus=C2075218_1:1531:1791:+ [Complete] codon-table.11	blastp	metahit_2014_pep
d9539_asm_v1.2_3	MH0033_GL0005948	90.323	31	3	0	1	31	1	31	1.4699999999999998e-10	57.8	36	86	0				86	MH0033_GL0005948  [gene]  locus=scaffold47970_1:5460:5720:+ [Complete] codon-table.11	blastp	metahit_2014_pep
d9539_asm_v1.2_3	MH0350_GL0030508	90.323	31	3	0	1	31	1	31	2.37e-10	57.4	36	86	0				86	MH0350_GL0030508  [gene]  locus=C1242055_1:4180:4440:- [Complete] codon-table.11	blastp	metahit_2014_pep
d9539_asm_v1.2_3	MH0173_GL0080584	100.0	27	0	0	1	27	1	27	2.58e-10	57.4	36	86	0				75	MH0173_GL0080584  [gene]  locus=scaffold46377_3:370:630:- [Complete] codon-table.11	blastp	metahit_2014_pep
d9539_asm_v1.2_3	MH0148_GL0013503	87.09700000000001	31	4	0	1	31	36	66	9.68e-10	56.2	36	121	0				86	MH0148_GL0013503  [gene]  locus=scaffold78322_1:2441:2806:+ [Complete] codon-table.11	blastp	metahit_2014_pep
d9539_asm_v1.2_3	MH0105_GL0047475	83.87100000000001	31	5	0	1	31	1	31	3.8e-09	54.3	36	86	0				86	MH0105_GL0047475  [gene]  locus=scaffold1014_1:698:958:+ [Complete] codon-table.11	blastp	metahit_2014_pep
d9539_asm_v1.2_3	MH0409_GL0061975	80.645	31	6	0	1	31	1	31	2.2999999999999998e-08	52.0	36	86	0				86	MH0409_GL0061975  [gene]  locus=scaffold117357_3:177:437:+ [Complete] codon-table.11	blastp	metahit_2014_pep
d9539_asm_v1.2_3	MH0390_GL0216351	74.194	31	8	0	1	31	1	31	2.57e-07	49.3	36	86	0				86	MH0390_GL0216351  [gene]  locus=scaffold140355_1:1446:1706:+ [Complete] codon-table.11	blastp	metahit_2014_pep
d9539_asm_v1.2_3	V1.UC17-2_GL0060614	41.667	24	14	0	5	28	447	470	5.0	30.8	36	758	0				67	V1.UC17-2_GL0060614  [gene]  locus=scaffold52190_3:3:2276:- [Lack 3'-end] codon-table.11	blastp	metahit_2014_pep
d9539_asm_v1.2_3	T2D-45A_GL0103682	43.75	32	18	0	4	35	70	101	5.7	30.0	36	220	0				89	T2D-45A_GL0103682  [gene]  locus=C892818_1:1:660:+ [Lack both ends] codon-table.11	blastp	metahit_2014_pep
d9539_asm_v1.2_3	GL0094302_MH0070_[Complete]_[mRNA]_locus=scaffold90134_3:261:938:-	52.632	19	9	0	17	35	3	21	7.3	28.5	36	225	0				53	GL0094302_MH0070_[Complete]_[mRNA]_locus=scaffold90134_3:261:938:- [translate_table: standard]	blastp	metahit_pep
d9539_asm_v1.2_29	MH0413_GL0135536	93.354	647	43	0	1	647	1	647	0.0	1255.0	647	647	0				100	MH0413_GL0135536  [gene]  locus=scaffold143833_1:3436:5379:- [Complete] codon-table.11	blastp	metahit_2014_pep
d9539_asm_v1.2_29	MH0039_GL0018307	93.045	647	45	0	1	647	1	647	0.0	1251.0	647	647	0				100	MH0039_GL0018307  [gene]  locus=scaffold66015_3:2669:4612:+ [Complete] codon-table.11	blastp	metahit_2014_pep
d9539_asm_v1.2_29	GL0047061_MH0039_[Complete]_[mRNA]_locus=scaffold84037_1:3106:5049:+	93.045	647	45	0	1	647	1	647	0.0	1251.0	647	647	0				100	GL0047061_MH0039_[Complete]_[mRNA]_locus=scaffold84037_1:3106:5049:+ [translate_table: standard]	blastp	metahit_pep
d9539_asm_v1.2_29	MH0409_GL0129297	91.963	647	52	0	1	647	1	647	0.0	1244.0	647	647	0				100	MH0409_GL0129297  [gene]  locus=scaffold117357_2:969:2912:+ [Complete] codon-table.11	blastp	metahit_2014_pep
d9539_asm_v1.2_29	MH0033_GL0005946	89.352	648	68	1	1	647	1	648	0.0	1214.0	647	648	0				100	MH0033_GL0005946  [gene]  locus=scaffold47970_1:3003:4949:+ [Complete] codon-table.11	blastp	metahit_2014_pep
d9539_asm_v1.2_29	MH0136_GL0000112	89.352	648	68	1	1	647	1	648	0.0	1212.0	647	648	0				100	MH0136_GL0000112  [gene]  locus=C1259564_1:2065:4011:- [Complete] codon-table.11	blastp	metahit_2014_pep
d9539_asm_v1.2_29	MH0100_GL0100930	89.335	647	69	0	1	647	1	647	0.0	1210.0	647	647	0				100	MH0100_GL0100930  [gene]  locus=C1657075_1:676:2619:- [Complete] codon-table.11	blastp	metahit_2014_pep
d9539_asm_v1.2_29	159166850-stool1_revised_C1063521_1_gene104931	89.815	648	65	1	1	647	1	648	0.0	1208.0	647	648	0				100	159166850-stool1_revised_C1063521_1_gene104931 strand:+  start:1580 stop:3526 length:1947 start_codon:yes stop_codon:yes gene_type:complete [Complete] codon-table.11	blastp	metahit_2014_pep
d9539_asm_v1.2_29	V1.FI06_GL0230840	89.352	648	68	1	1	647	1	648	0.0	1208.0	647	648	0				100	V1.FI06_GL0230840  [gene]  locus=scaffold14374_1:2814:4760:+ [Complete] codon-table.11	blastp	metahit_2014_pep
d9539_asm_v1.2_29	763961826-stool2_revised_C698346_1_gene78348	90.895	648	58	1	1	647	1	648	0.0	1199.0	647	648	0				100	763961826-stool2_revised_C698346_1_gene78348 strand:+  start:1638 stop:3584 length:1947 start_codon:yes stop_codon:yes gene_type:complete [Complete] codon-table.11	blastp	metahit_2014_pep
d9539_asm_v1.2_29	O2.UC38-1_GL0144643	90.12299999999999	648	63	1	1	647	1	648	0.0	1199.0	647	648	0				100	O2.UC38-1_GL0144643  [gene]  locus=C1315509_1:1877:3823:- [Complete] codon-table.11	blastp	metahit_2014_pep
d9539_asm_v1.2_29	GL0107162_V1_[Complete]_[mRNA]_locus=scaffold79364_1:3770:5716:+	87.809	648	78	1	1	647	1	648	0.0	1169.0	647	648	0				100	GL0107162_V1_[Complete]_[mRNA]_locus=scaffold79364_1:3770:5716:+ [translate_table: standard]	blastp	metahit_pep
d9539_asm_v1.2_29	GL0033034_MH0077_[Lack_both_end]_[mRNA]_locus=scaffold9705_1:2:1318:+	86.333	439	59	1	170	607	1	439	0.0	801.0	647	439	0				68	GL0033034_MH0077_[Lack_both_end]_[mRNA]_locus=scaffold9705_1:2:1318:+ [translate_table: standard]	blastp	metahit_pep
d9539_asm_v1.2_29	GL0027813_MH0033_[Lack_3'-end]_[mRNA]_locus=C3777442_1:4112:5341:+	88.04899999999999	410	49	0	1	410	1	410	0.0	766.0	647	410	0				63	GL0027813_MH0033_[Lack_3'-end]_[mRNA]_locus=C3777442_1:4112:5341:+ [translate_table: standard]	blastp	metahit_pep
d9539_asm_v1.2_29	GL0265353_unmapped_[Lack_3'-end]_[mRNA]_locus=scaffold795402_1:34:759:+	91.322	242	20	1	368	608	1	242	6.119999999999998e-157	460.0	647	242	0				37	GL0265353_unmapped_[Lack_3'-end]_[mRNA]_locus=scaffold795402_1:34:759:+ [translate_table: standard]	blastp	metahit_pep
d9539_asm_v1.2_29	GL0472091_unmapped_[Lack_both_end]_[mRNA]_locus=scaffold76355_2:1:1380:+	50.881	511	197	14	51	558	1	460	1.8099999999999998e-153	459.0	647	460	0				79	GL0472091_unmapped_[Lack_both_end]_[mRNA]_locus=scaffold76355_2:1:1380:+ [translate_table: standard]	blastp	metahit_pep
d9539_asm_v1.2_29	GL0070732_O2_[Lack_3'-end]_[mRNA]_locus=scaffold35233_5:11:727:+	77.824	239	53	0	145	383	1	239	2.3999999999999992e-129	389.0	647	239	0				37	GL0070732_O2_[Lack_3'-end]_[mRNA]_locus=scaffold35233_5:11:727:+ [translate_table: standard]	blastp	metahit_pep
d9539_asm_v1.2_29	GL0133570_V1_[Complete]_[mRNA]_locus=scaffold43540_2:147:1184:-	63.071999999999996	306	106	4	347	647	42	345	6.85e-125	382.0	647	345	0				47	GL0133570_V1_[Complete]_[mRNA]_locus=scaffold43540_2:147:1184:- [translate_table: standard]	blastp	metahit_pep
d9539_asm_v1.2_29	GL0039066_V1_[Lack_3'-end]_[mRNA]_locus=scaffold45917_3:1037:2056:+	47.461999999999996	394	148	10	1	389	1	340	1.98e-102	323.0	647	340	0				60	GL0039066_V1_[Lack_3'-end]_[mRNA]_locus=scaffold45917_3:1037:2056:+ [translate_table: standard]	blastp	metahit_pep
d9539_asm_v1.2_29	GL0110254_MH0077_[Lack_3'-end]_[mRNA]_locus=scaffold9705_4:20:547:+	85.227	176	26	0	1	176	1	176	2.849999999999999e-102	317.0	647	176	0				27	GL0110254_MH0077_[Lack_3'-end]_[mRNA]_locus=scaffold9705_4:20:547:+ [translate_table: standard]	blastp	metahit_pep
d9539_asm_v1.2_29	gi|755259305|gb|AJK28264.1|	28.796	191	120	7	384	569	279	458	1.6799999999999998e-08	68.2	647	523	755259305	1609634			29	putative major capsid protein [Eel River basin pequenovirus]	blastp	nr
d9539_asm_v1.2_29	gi|524208404|emb|CCZ76639.1|	31.746	189	109	9	358	529	16	201	9.28e-08	65.1	647	338	524208404	1263035			27	putative uncharacterized protein [Alistipes finegoldii CAG:68]	blastp	nr
d9539_asm_v1.2_29	gi|142008696|gb|ECU79166.1|	24.706	255	162	8	384	633	265	494	6.49e-08	62.0	647	505	142008696	408172.0			39	hypothetical protein GOS_10803 [marine metagenome]	blastp	env_nr
d9539_asm_v1.2_29	gi|142008257|gb|ECU78830.1|	24.706	255	162	8	384	633	265	494	6.78e-08	62.0	647	505	142008257	408172.0			39	hypothetical protein GOS_11146 [marine metagenome]	blastp	env_nr
d9539_asm_v1.2_29	gi|444298000|dbj|GAC77839.1|	21.377	276	187	8	375	644	228	479	2.06e-06	61.2	647	480	444298000	186617			42	major capsid protein [uncultured marine virus]	blastp	nr
d9539_asm_v1.2_29	gi|639237429|ref|WP_024568106.1|	25.546999999999997	274	165	8	373	633	286	533	4.94e-06	60.5	647	546	639237429	1117645			40	hypothetical protein [Elizabethkingia anophelis]	blastp	nr
d9539_asm_v1.2_29	gi|134312349|gb|EBA56764.1|	24.303	251	164	9	384	630	43	271	1.72e-07	59.3	647	285	134312349	408172.0			38	hypothetical protein GOS_7385, partial [marine metagenome]	blastp	env_nr
d9539_asm_v1.2_29	HMPREF1059_03257	26.214000000000002	206	139	7	368	569	282	478	6.68e-07	59.3	647	538	0				31	HMPREF1059_03257 hypothetical protein [Parabacteroides distasonis CL09T03C24]	blastp	hmp_pep
d9539_asm_v1.2_29	HMPREF1059_03257	26.214000000000002	206	139	7	368	569	282	478	6.68e-07	59.3	647	538	0				31	HMPREF1059_03257 hypothetical protein [Parabacteroides distasonis CL09T03C24]	blastp	hmp_pep
d9539_asm_v1.2_29	gi|492501782|ref|WP_005867318.1|	26.214000000000002	206	139	7	368	569	282	478	1.07e-05	59.3	647	538	492501782	823;999417;1655644	N/A;N/A;N/A	N/A;N/A;N/A	31	hypothetical protein [Parabacteroides distasonis]	blastp	nr
d9539_asm_v1.2_29	gi|738737148|ref|WP_036631168.1|	24.638	207	143	6	367	569	284	481	5.6899999999999994e-05	57.0	647	541	738737148	823;1339344;1339345	N/A;N/A;N/A	N/A;N/A;N/A	31	hypothetical protein [Parabacteroides distasonis]	blastp	nr
d9539_asm_v1.2_29	gi|738736491|ref|WP_036630554.1|	24.756999999999998	206	144	6	367	569	133	330	5.28e-05	56.6	647	390	738736491	823;1339345	N/A;N/A	N/A;N/A	31	hypothetical protein, partial [Parabacteroides distasonis]	blastp	nr
d9539_asm_v1.2_29	gi|142008894|gb|ECU79310.1|	28.965999999999998	145	94	4	384	525	221	359	2.99e-06	56.2	647	386	142008894	408172.0			22	hypothetical protein GOS_10668, partial [marine metagenome]	blastp	env_nr
d9539_asm_v1.2_29	gi|134311082|gb|EBA55872.1|	27.5	200	133	6	375	568	35	228	1.65e-06	55.8	647	241	134311082	408172.0			30	hypothetical protein GOS_8486, partial [marine metagenome]	blastp	env_nr
d9539_asm_v1.2_29	gi|134313866|gb|EBA57829.1|	25.359	209	134	7	384	586	44	236	2.52e-06	55.8	647	288	134313866	408172.0			31	hypothetical protein GOS_6129, partial [marine metagenome]	blastp	env_nr
d9539_asm_v1.2_29	gi|906476412|ref|YP_009160407.1|	27.895	190	123	6	384	569	267	446	0.000147	55.5	647	506	906476412	1655661			29	major capsid protein VP1 [Microviridae Fen7918_21]	blastp	nr
d9539_asm_v1.2_29	gi|649557305|gb|KDS63784.1|	24.468000000000004	188	132	5	385	569	5	185	8.609999999999999e-05	54.7	647	245	649557305	1339344;1339345	N/A;N/A	N/A;N/A	29	capsid family protein [Parabacteroides distasonis str. 3999B T(B) 4]	blastp	nr
d9539_asm_v1.2_29	gi|444298142|dbj|GAC77768.1|	25.49	153	108	4	375	525	111	259	0.00024300000000000002	53.9	647	299	444298142	186617			23	major capsid protein [uncultured marine virus]	blastp	nr
d9539_asm_v1.2_29	HMPREF9141_0985	26.105999999999998	226	127	9	437	630	300	517	0.002	48.1	647	531	0				30	HMPREF9141_0985 putative capsid protein (F protein) [Prevotella multiformis DSM 16608]	blastp	hmp_pep
d9539_asm_v1.2_29	HMPREF9141_0985	26.105999999999998	226	127	9	437	630	300	517	0.002	48.1	647	531	0				30	HMPREF9141_0985 putative capsid protein (F protein) [Prevotella multiformis DSM 16608]	blastp	hmp_pep
d9539_asm_v1.2_29	gi|142008974|gb|ECU79365.1|	23.611	216	156	5	314	525	148	358	0.002	47.8	647	470	142008974	408172.0			33	hypothetical protein GOS_10596, partial [marine metagenome]	blastp	env_nr
d9539_asm_v1.2_29	gi|134311098|gb|EBA55882.1|	26.144000000000002	153	93	7	454	601	12	149	0.000573	47.4	647	185	134311098	408172.0			23	hypothetical protein GOS_8473, partial [marine metagenome]	blastp	env_nr
d9539_asm_v1.2_29	gi|134311009|gb|EBA55822.1|	26.055999999999997	142	94	3	385	523	135	268	0.002	47.0	647	270	134311009	408172.0			21	hypothetical protein GOS_8540, partial [marine metagenome]	blastp	env_nr
d9539_asm_v1.2_29	gi|134311670|gb|EBA56272.1|	23.684	190	129	6	388	568	1	183	0.003	46.2	647	243	134311670	408172.0			28	hypothetical protein GOS_7991, partial [marine metagenome]	blastp	env_nr
d9539_asm_v1.2_29	BACEGG_02721	23.195999999999998	194	140	4	378	568	304	491	0.048	43.5	647	578	0				30	BACEGG_02721 putative capsid protein (F protein) [Bacteroides eggerthii DSM 20697]	blastp	hmp_pep
d9539_asm_v1.2_29	BACEGG_02721	23.195999999999998	194	140	4	378	568	304	491	0.048	43.5	647	578	0				30	BACEGG_02721 putative capsid protein (F protein) [Bacteroides eggerthii DSM 20697]	blastp	hmp_pep
d9539_asm_v1.2_29	HMPREF1018_02255	28.814	118	74	3	287	403	135	243	0.27	41.6	647	922	0				18	HMPREF1018_02255 hypothetical protein [Bacteroides sp. 2_1_56FAA]	blastp	hmp_pep
d9539_asm_v1.2_29	HMPREF1018_02255	28.814	118	74	3	287	403	135	243	0.27	41.6	647	922	0				18	HMPREF1018_02255 hypothetical protein [Bacteroides sp. 2_1_56FAA]	blastp	hmp_pep
d9539_asm_v1.2_29	BACCOPRO_03325	28.283	99	62	3	286	383	174	264	0.73	40.0	647	946	0				15	BACCOPRO_03325 hypothetical protein [Bacteroides coprophilus DSM 18228 = JCM 13818]	blastp	hmp_pep
d9539_asm_v1.2_29	BACCOPRO_03325	28.283	99	62	3	286	383	174	264	0.73	40.0	647	946	0				15	BACCOPRO_03325 hypothetical protein [Bacteroides coprophilus DSM 18228 = JCM 13818]	blastp	hmp_pep
d9539_asm_v1.2_28	GL0002709_MH0081_[Lack_3'-end]_[mRNA]_locus=scaffold27394_1:2:445:-	33.333	24	16	0	4	27	111	134	3.0	29.3	34	148	0				71	GL0002709_MH0081_[Lack_3'-end]_[mRNA]_locus=scaffold27394_1:2:445:- [translate_table: standard]	blastp	metahit_pep
d9539_asm_v1.2_28	GL0118328_MH0075_[Complete]_[mRNA]_locus=scaffold63339_1:1473:3200:+	34.375	32	21	0	3	34	148	179	7.4	28.9	34	575	0				94	GL0118328_MH0075_[Complete]_[mRNA]_locus=scaffold63339_1:1473:3200:+ [translate_table: standard]	blastp	metahit_pep
d9539_asm_v1.2_25	gi|140491347|gb|ECL99917.1|	48.0	25	13	0	10	34	22	46	2.8	30.4	35	260	140491347	408172.0			71	hypothetical protein GOS_4632218, partial [marine metagenome]	blastp	env_nr
d9539_asm_v1.2_25	gi|142312571|gb|ECX17604.1|	43.333	30	17	0	5	34	50	79	3.7	30.0	35	317	142312571	408172.0			86	hypothetical protein GOS_2585439, partial [marine metagenome]	blastp	env_nr
d9539_asm_v1.2_25	gi|137801052|gb|EBW07290.1|	48.0	25	13	0	10	34	24	48	6.2	29.3	35	186	137801052	408172.0			71	hypothetical protein GOS_6805083 [marine metagenome]	blastp	env_nr
d9539_asm_v1.2_25	gi|139413736|gb|ECE94618.1|	36.667	30	19	0	5	34	19	48	7.3	28.9	35	212	139413736	408172.0			86	hypothetical protein GOS_4652200, partial [marine metagenome]	blastp	env_nr
d9539_asm_v1.2_25	gi|135873731|gb|EBK38991.1|	36.667	30	19	0	5	34	16	45	9.0	28.9	35	248	135873731	408172.0			86	hypothetical protein GOS_8740847 [marine metagenome]	blastp	env_nr
d9539_asm_v1.2_23	O2.CD1-0-PT_GL0120263	31.373	51	34	1	3	53	137	186	8.8	31.2	82	318	0				62	O2.CD1-0-PT_GL0120263  [gene]  locus=scaffold3043_4:5403:6359:- [Complete] codon-table.11	blastp	metahit_2014_pep
d9539_asm_v1.2_23	HMPREF9716_00556	27.273000000000003	44	32	0	16	59	163	206	9.0	30.8	82	808	0				54	HMPREF9716_00556 heavy metal translocating P-type ATPase [Myroides [odoratimimus] CIP 103059]	blastp	hmp_pep
d9539_asm_v1.2_23	HMPREF9716_00556	27.273000000000003	44	32	0	16	59	163	206	9.0	30.8	82	808	0				54	HMPREF9716_00556 heavy metal translocating P-type ATPase [Myroides [odoratimimus] CIP 103059]	blastp	hmp_pep
d9539_asm_v1.2_23	GL0076822_MH0020_[Complete]_[mRNA]_locus=scaffold12291_5:1670:3232:+	34.884	43	27	1	10	51	13	55	7.6	30.0	82	520	0				51	GL0076822_MH0020_[Complete]_[mRNA]_locus=scaffold12291_5:1670:3232:+ [translate_table: standard]	blastp	metahit_pep
d9539_asm_v1.2_22	MH0398_GL0192275	90.831	349	32	0	13	361	1	349	0.0	658.0	361	349	0				97	MH0398_GL0192275  [gene]  locus=C1960271_1:1:1050:+ [Lack 5'-end] codon-table.11	blastp	metahit_2014_pep
d9539_asm_v1.2_22	V1.FI06_GL0230839	93.713	334	21	0	28	361	1	334	0.0	646.0	361	334	0				93	V1.FI06_GL0230839  [gene]  locus=scaffold14374_1:1817:2821:+ [Complete] codon-table.11	blastp	metahit_2014_pep
d9539_asm_v1.2_22	MH0350_GL0030504	92.814	334	24	0	28	361	1	334	0.0	642.0	361	334	0				93	MH0350_GL0030504  [gene]  locus=C1242055_1:1134:2138:- [Complete] codon-table.11	blastp	metahit_2014_pep
d9539_asm_v1.2_22	MH0033_GL0005945	91.916	334	27	0	28	361	1	334	0.0	637.0	361	334	0				93	MH0033_GL0005945  [gene]  locus=scaffold47970_1:2006:3010:+ [Complete] codon-table.11	blastp	metahit_2014_pep
d9539_asm_v1.2_22	GL0027812_MH0033_[Complete]_[mRNA]_locus=C3777442_1:3115:4119:+	91.916	334	27	0	28	361	1	334	0.0	637.0	361	334	0				93	GL0027812_MH0033_[Complete]_[mRNA]_locus=C3777442_1:3115:4119:+ [translate_table: standard]	blastp	metahit_pep
d9539_asm_v1.2_22	MH0379_GL0138307	90.294	340	33	0	22	361	2	341	0.0	635.0	361	341	0				94	MH0379_GL0138307  [gene]  locus=C1279931_1:2576:3601:- [Complete] codon-table.11	blastp	metahit_2014_pep
d9539_asm_v1.2_22	MH0039_GL0018306	92.515	334	25	0	28	361	1	334	0.0	635.0	361	334	0				93	MH0039_GL0018306  [gene]  locus=scaffold66015_3:1672:2676:+ [Complete] codon-table.11	blastp	metahit_2014_pep
d9539_asm_v1.2_22	GL0047060_MH0039_[Complete]_[mRNA]_locus=scaffold84037_1:2109:3113:+	92.515	334	25	0	28	361	1	334	0.0	635.0	361	334	0				93	GL0047060_MH0039_[Complete]_[mRNA]_locus=scaffold84037_1:2109:3113:+ [translate_table: standard]	blastp	metahit_pep
d9539_asm_v1.2_22	675950834-stool1_revised_C814893_1_gene71380	91.916	334	27	0	28	361	1	334	0.0	633.0	361	334	0				93	675950834-stool1_revised_C814893_1_gene71380 strand:+  start:3937 stop:4941 length:1005 start_codon:yes stop_codon:yes gene_type:complete [Complete] codon-table.11	blastp	metahit_2014_pep
d9539_asm_v1.2_22	MH0095_GL0050324	91.31700000000001	334	29	0	28	361	1	334	0.0	632.0	361	334	0				93	MH0095_GL0050324  [gene]  locus=C1003303_1:3687:4691:+ [Complete] codon-table.11	blastp	metahit_2014_pep
d9539_asm_v1.2_22	MH0454_GL0202595	91.01799999999999	334	30	0	28	361	1	334	0.0	632.0	361	334	0				93	MH0454_GL0202595  [gene]  locus=C2164004_1:4046:5050:+ [Complete] codon-table.11	blastp	metahit_2014_pep
d9539_asm_v1.2_22	V1.CD38-0_GL0096425	90.12	334	33	0	28	361	1	334	0.0	628.0	361	334	0				93	V1.CD38-0_GL0096425  [gene]  locus=C1253879_1:58:1062:+ [Complete] codon-table.11	blastp	metahit_2014_pep
d9539_asm_v1.2_22	GL0107161_V1_[Complete]_[mRNA]_locus=scaffold79364_1:2773:3777:+	90.12	334	33	0	28	361	1	334	0.0	627.0	361	334	0				93	GL0107161_V1_[Complete]_[mRNA]_locus=scaffold79364_1:2773:3777:+ [translate_table: standard]	blastp	metahit_pep
d9539_asm_v1.2_22	GL0091141_MH0014_[Lack_5'-end]_[mRNA]_locus=scaffold53332_2:98:1024:-	89.935	308	31	0	54	361	1	308	0.0	567.0	361	308	0				85	GL0091141_MH0014_[Lack_5'-end]_[mRNA]_locus=scaffold53332_2:98:1024:- [translate_table: standard]	blastp	metahit_pep
d9539_asm_v1.2_22	GL0019907_MH0046_[Complete]_[mRNA]_locus=scaffold87326_1:2645:3718:+	44.29	359	181	7	2	348	3	354	4.47e-87	275.0	361	357	0				96	GL0019907_MH0046_[Complete]_[mRNA]_locus=scaffold87326_1:2645:3718:+ [translate_table: standard]	blastp	metahit_pep
d9539_asm_v1.2_22	GL0006639_V1_[Complete]_[mRNA]_locus=scaffold43540_3:187:1260:-	43.056000000000004	360	186	8	2	349	3	355	8.759999999999998e-85	269.0	361	357	0				96	GL0006639_V1_[Complete]_[mRNA]_locus=scaffold43540_3:187:1260:- [translate_table: standard]	blastp	metahit_pep
d9539_asm_v1.2_22	GL0039065_V1_[Lack_5'-end]_[mRNA]_locus=scaffold45917_3:2:1033:+	51.172	256	122	1	24	279	16	268	9.729999999999998e-83	263.0	361	343	0				71	GL0039065_V1_[Lack_5'-end]_[mRNA]_locus=scaffold45917_3:2:1033:+ [translate_table: standard]	blastp	metahit_pep
d9539_asm_v1.2_22	GL0044846_MH0032_[Lack_5'-end]_[mRNA]_locus=scaffold44850_2:372:590:-	87.5	72	9	0	290	361	1	72	4.059999999999999e-34	127.0	361	72	0				20	GL0044846_MH0032_[Lack_5'-end]_[mRNA]_locus=scaffold44850_2:372:590:- [translate_table: standard]	blastp	metahit_pep
d9539_asm_v1.2_22	GL0117639_MH0066_[Complete]_[mRNA]_locus=scaffold12313_2:1971:2933:-	31.605999999999998	193	108	8	2	180	3	185	3.9300000000000003e-16	83.2	361	320	0				50	GL0117639_MH0066_[Complete]_[mRNA]_locus=scaffold12313_2:1971:2933:- [translate_table: standard]	blastp	metahit_pep
d9539_asm_v1.2_22	GL0184888_MH0006_[Complete]_[mRNA]_locus=scaffold160683_1:4658:5620:+	27.386	241	139	9	2	221	3	228	3.26e-14	77.8	361	320	0				61	GL0184888_MH0006_[Complete]_[mRNA]_locus=scaffold160683_1:4658:5620:+ [translate_table: standard]	blastp	metahit_pep
d9539_asm_v1.2_22	gi|524208442|emb|CCZ76638.1|	27.386	241	139	9	2	221	3	228	1.3000000000000001e-12	77.8	361	320	524208442	1263035			61	putative replication initiation protein [Alistipes finegoldii CAG:68]	blastp	nr
d9539_asm_v1.2_22	gi|609718275|emb|CDN73649.1|	27.174	184	101	6	1	180	1	155	7.04e-08	63.2	361	265	609718275	1117645			50	conserved hypothetical protein [Elizabethkingia anophelis]	blastp	nr
d9539_asm_v1.2_22	gi|874564538|emb|CRY94235.1|	24.818	274	166	13	2	258	4	254	2.4399999999999996e-07	62.4	361	340	874564538	198431			71	hypothetical protein [uncultured prokaryote]	blastp	nr
d9539_asm_v1.2_22	gi|649555288|gb|KDS61825.1|	28.930999999999997	159	87	7	34	176	8	156	3.96e-07	61.2	361	284	649555288	1339344			40	hypothetical protein M095_3808 [Parabacteroides distasonis str. 3999B T(B) 4]	blastp	nr
d9539_asm_v1.2_22	gi|313766930|gb|ADR80656.1|	23.188000000000002	276	160	12	26	274	114	364	7.84e-07	60.8	361	402	313766930	926697			69	putative replication initiation protein [uncultured Microviridae]	blastp	nr
d9539_asm_v1.2_22	HMPREF1059_03256	28.930999999999997	159	87	7	34	176	8	156	4.69e-08	60.5	361	284	0				40	HMPREF1059_03256 hypothetical protein [Parabacteroides distasonis CL09T03C24]	blastp	hmp_pep
d9539_asm_v1.2_22	HMPREF1059_03256	28.930999999999997	159	87	7	34	176	8	156	4.69e-08	60.5	361	284	0				40	HMPREF1059_03256 hypothetical protein [Parabacteroides distasonis CL09T03C24]	blastp	hmp_pep
d9539_asm_v1.2_22	gi|639237430|ref|WP_024568107.1|	26.087	184	103	6	1	180	1	155	5.37e-07	60.5	361	264	639237430	1117645			50	hypothetical protein [Elizabethkingia anophelis]	blastp	nr
d9539_asm_v1.2_22	gi|971765486|ref|YP_009218538.1|	28.930999999999997	159	87	7	34	176	8	156	7.49e-07	60.5	361	284	971765486	999417;1655644	N/A;N/A	N/A;N/A	40	replication protein VP4 [Parabacteroides phage YZ-2015a]	blastp	nr
d9539_asm_v1.2_22	gi|557745630|ref|YP_008798246.1|	26.906	223	127	9	32	229	24	235	2.04e-06	59.3	361	312	557745630	1385658			55	replication initiator [Marine gokushovirus]	blastp	nr
d9539_asm_v1.2_22	gi|142009119|gb|ECU79481.1|	25.0	252	143	13	35	264	19	246	3e-07	57.8	361	295	142009119	408172.0			64	hypothetical protein GOS_10492, partial [marine metagenome]	blastp	env_nr
d9539_asm_v1.2_22	gi|142008503|gb|ECU79013.1|	24.537	216	128	11	26	223	16	214	4.71e-07	57.0	361	304	142008503	408172.0			55	hypothetical protein GOS_10964 [marine metagenome]	blastp	env_nr
d9539_asm_v1.2_22	gi|906476291|ref|YP_009160340.1|	23.529	238	134	12	31	258	3	202	1.26e-05	56.6	361	275	906476291	1655647;1655655	N/A;N/A	N/A;N/A	63	replication protein VP4 [Microviridae Bog1249_12]	blastp	nr
d9539_asm_v1.2_22	gi|815130571|emb|CRH71373.1|	26.445999999999998	242	123	12	39	258	44	252	1.42e-05	56.6	361	308	815130571	813			61	Uncharacterised protein [Chlamydia trachomatis]	blastp	nr
d9539_asm_v1.2_22	gi|142008975|gb|ECU79366.1|	27.746	173	88	7	39	183	41	204	1.05e-06	56.2	361	321	142008975	408172.0			40	hypothetical protein GOS_10597 [marine metagenome]	blastp	env_nr
d9539_asm_v1.2_22	gi|142008206|gb|ECU78786.1|	27.799	259	134	12	39	272	30	260	1.28e-06	55.8	361	298	142008206	408172.0			65	hypothetical protein GOS_11183 [marine metagenome]	blastp	env_nr
d9539_asm_v1.2_22	gi|134314590|gb|EBA58347.1|	25.131	191	106	9	34	200	8	185	6.51e-07	55.5	361	200	134314590	408172.0			46	hypothetical protein GOS_5489, partial [marine metagenome]	blastp	env_nr
d9539_asm_v1.2_22	gi|142008068|gb|ECU78670.1|	24.514	257	154	12	26	267	34	265	2.7e-06	54.7	361	308	142008068	408172.0			67	hypothetical protein GOS_11305 [marine metagenome]	blastp	env_nr
d9539_asm_v1.2_22	gi|142009040|gb|ECU79415.1|	28.221	163	88	8	39	183	41	192	1.6899999999999997e-05	52.0	361	282	142009040	408172.0			40	hypothetical protein GOS_10557, partial [marine metagenome]	blastp	env_nr
d9539_asm_v1.2_22	gi|134312392|gb|EBA56794.1|	25.253	198	109	9	40	207	1	189	2.35e-05	51.6	361	270	134312392	408172.0			47	hypothetical protein GOS_7355, partial [marine metagenome]	blastp	env_nr
d9539_asm_v1.2_22	gi|142008862|gb|ECU79285.1|	28.221	163	88	8	39	183	41	192	1.84e-05	51.2	361	218	142008862	408172.0			40	hypothetical protein GOS_10689, partial [marine metagenome]	blastp	env_nr
d9539_asm_v1.2_22	gi|142008955|gb|ECU79351.1|	28.221	163	88	8	39	183	29	180	2.09e-05	51.2	361	212	142008955	408172.0			40	hypothetical protein GOS_10620, partial [marine metagenome]	blastp	env_nr
d9539_asm_v1.2_22	HMPREF9141_0984	37.736	53	29	1	34	86	20	68	1.5	37.7	361	479	0				15	HMPREF9141_0984 hypothetical protein [Prevotella multiformis DSM 16608]	blastp	hmp_pep
d9539_asm_v1.2_22	HMPREF9141_0984	37.736	53	29	1	34	86	20	68	1.5	37.7	361	479	0				15	HMPREF9141_0984 hypothetical protein [Prevotella multiformis DSM 16608]	blastp	hmp_pep
d9539_asm_v1.2_22	HMPREF0991_01395	24.818	137	88	5	74	202	64	193	7.5	35.0	361	240	0				36	HMPREF0991_01395 hypothetical protein [Lachnospiraceae bacterium 2_1_58FAA]	blastp	hmp_pep
d9539_asm_v1.2_22	HMPREF0991_01395	24.818	137	88	5	74	202	64	193	7.5	35.0	361	240	0				36	HMPREF0991_01395 hypothetical protein [Lachnospiraceae bacterium 2_1_58FAA]	blastp	hmp_pep
d9539_asm_v1.2_20	gi|918465938|ref|WP_052507711.1|	29.487	78	50	2	11	88	109	181	3.5	36.6	111	337	918465938	1609977			70	hypothetical protein [Sphingomonas hengshuiensis]	blastp	nr
d9539_asm_v1.2_20	gi|644236787|ref|WP_025293093.1|	28.049	82	54	2	6	87	100	176	7.5	35.4	111	333	644236787	397260;1123269	N/A;N/A	N/A;N/A	74	hypothetical protein [Sphingomonas sanxanigenens]	blastp	nr
d9539_asm_v1.2_20	T2D-20A_GL0113436	30.189	53	36	1	10	61	34	86	3.7	33.5	111	875	0				47	T2D-20A_GL0113436  [gene]  locus=scaffold9111_1:42340:44967:- [Complete] codon-table.11	blastp	metahit_2014_pep
d9539_asm_v1.2_20	GL0120342_V1_[Lack_3'-end]_[mRNA]_locus=scaffold50607_6:1:1020:-	30.189	53	36	1	10	61	34	86	0.78	33.5	111	340	0				47	GL0120342_V1_[Lack_3'-end]_[mRNA]_locus=scaffold50607_6:1:1020:- [translate_table: standard]	blastp	metahit_pep
d9539_asm_v1.2_20	V1.UC54-0_GL0192849	29.268	82	40	4	24	96	51	123	4.4	33.1	111	456	0				66	V1.UC54-0_GL0192849  [gene]  locus=scaffold13213_6:261:1631:+ [Complete] codon-table.11	blastp	metahit_2014_pep
d9539_asm_v1.2_20	T2D-140A_GL0063697	30.189	53	36	1	10	61	24	76	4.5	33.1	111	861	0				47	T2D-140A_GL0063697  [gene]  locus=scaffold44807_6:44036:46621:+ [Complete] codon-table.11	blastp	metahit_2014_pep
d9539_asm_v1.2_20	GL0091203_V1_[Lack_5'-end]_[mRNA]_locus=scaffold18969_3:12920:14494:-	28.570999999999998	77	53	1	11	87	9	83	1.4	33.1	111	524	0				69	GL0091203_V1_[Lack_5'-end]_[mRNA]_locus=scaffold18969_3:12920:14494:- [translate_table: standard]	blastp	metahit_pep
d9539_asm_v1.2_20	V1.CD54-0_GL0126613	28.947	76	50	2	24	97	51	124	6.2	32.7	111	455	0				67	V1.CD54-0_GL0126613  [gene]  locus=scaffold40961_1:277754:279121:- [Complete] codon-table.11	blastp	metahit_2014_pep
d9539_asm_v1.2_20	GL0083022_MH0069_[Lack_3'-end]_[mRNA]_locus=scaffold29057_1:3:1115:-	23.364	107	70	3	3	98	265	370	3.3	32.0	111	371	0				86	GL0083022_MH0069_[Lack_3'-end]_[mRNA]_locus=scaffold29057_1:3:1115:- [translate_table: standard]	blastp	metahit_pep
d9539_asm_v1.2_20	GL0561015_unmapped_[Lack_3'-end]_[mRNA]_locus=scaffold36708_1:214:1134:+	28.235	85	43	4	22	97	49	124	3.7	31.6	111	307	0				68	GL0561015_unmapped_[Lack_3'-end]_[mRNA]_locus=scaffold36708_1:214:1134:+ [translate_table: standard]	blastp	metahit_pep
d9539_asm_v1.2_20	GL0056866_MH0047_[Lack_3'-end]_[mRNA]_locus=scaffold2078_2:5249:5716:+	28.205	78	52	2	24	99	52	127	3.9	31.6	111	156	0				68	GL0056866_MH0047_[Lack_3'-end]_[mRNA]_locus=scaffold2078_2:5249:5716:+ [translate_table: standard]	blastp	metahit_pep
d9539_asm_v1.2_20	GL0106163_MH0038_[Lack_5'-end]_[mRNA]_locus=scaffold67309_1:607:1188:-	36.0	75	42	2	2	70	50	124	5.1	31.2	111	193	0				62	GL0106163_MH0038_[Lack_5'-end]_[mRNA]_locus=scaffold67309_1:607:1188:- [translate_table: standard]	blastp	metahit_pep
d9539_asm_v1.2_20	GL0050539_V1_[Lack_3'-end]_[mRNA]_locus=scaffold13452_1:3:437:-	23.711	97	55	5	24	111	53	139	5.5	31.2	111	145	0				79	GL0050539_V1_[Lack_3'-end]_[mRNA]_locus=scaffold13452_1:3:437:- [translate_table: standard]	blastp	metahit_pep
d9539_asm_v1.2_20	GL0065954_MH0085_[Complete]_[mRNA]_locus=scaffold62583_1:47:2035:-	36.17	47	26	1	9	51	99	145	6.7	31.2	111	662	0				39	GL0065954_MH0085_[Complete]_[mRNA]_locus=scaffold62583_1:47:2035:- [translate_table: standard]	blastp	metahit_pep
d9539_asm_v1.2_20	GL0000614_MH0010_[Complete]_[mRNA]_locus=scaffold14363_6:194:2869:+	30.357	56	39	0	30	85	80	135	8.2	30.8	111	891	0				50	GL0000614_MH0010_[Complete]_[mRNA]_locus=scaffold14363_6:194:2869:+ [translate_table: standard]	blastp	metahit_pep
d9539_asm_v1.2_16	DOM013_GL0003401	82.85700000000001	70	12	0	1	70	1	70	2.4599999999999997e-32	115.0	70	70	0				100	DOM013_GL0003401  [gene]  locus=scaffold65383_1:1648:1860:- [Complete] codon-table.11	blastp	metahit_2014_pep
d9539_asm_v1.2_16	MH0350_GL0030505	78.571	70	15	0	1	70	1	70	2.11e-31	112.0	70	70	0				100	MH0350_GL0030505  [gene]  locus=C1242055_1:2179:2391:- [Complete] codon-table.11	blastp	metahit_2014_pep
d9539_asm_v1.2_16	159227541-stool1_revised_scaffold12120_1_gene77396	78.571	70	15	0	1	70	1	70	2.13e-31	112.0	70	70	0				100	159227541-stool1_revised_scaffold12120_1_gene77396 strand:-  start:784 stop:996 length:213 start_codon:yes stop_codon:yes gene_type:complete [Complete] codon-table.11	blastp	metahit_2014_pep
d9539_asm_v1.2_16	MH0148_GL0013506	77.143	70	16	0	1	70	1	70	5.96e-31	111.0	70	70	0				100	MH0148_GL0013506  [gene]  locus=scaffold78322_1:4598:4810:+ [Complete] codon-table.11	blastp	metahit_2014_pep
d9539_asm_v1.2_16	MH0033_GL0005944	77.143	70	16	0	1	70	1	70	9.1e-31	111.0	70	70	0				100	MH0033_GL0005944  [gene]  locus=scaffold47970_1:1753:1965:+ [Complete] codon-table.11	blastp	metahit_2014_pep
d9539_asm_v1.2_16	GL0027811_MH0033_[Complete]_[mRNA]_locus=C3777442_1:2862:3074:+	77.143	70	16	0	1	70	1	70	2.8399999999999997e-31	111.0	70	70	0				100	GL0027811_MH0033_[Complete]_[mRNA]_locus=C3777442_1:2862:3074:+ [translate_table: standard]	blastp	metahit_pep
d9539_asm_v1.2_16	MH0418_GL0027848	78.571	70	15	0	1	70	1	70	1.42e-30	110.0	70	70	0				100	MH0418_GL0027848  [gene]  locus=C1585672_1:3377:3589:- [Complete] codon-table.11	blastp	metahit_2014_pep
d9539_asm_v1.2_16	V1.FI06_GL0230838	78.571	70	15	0	1	70	1	70	2.3599999999999998e-30	110.0	70	70	0				100	V1.FI06_GL0230838  [gene]  locus=scaffold14374_1:1564:1776:+ [Complete] codon-table.11	blastp	metahit_2014_pep
d9539_asm_v1.2_16	V1.CD9-0_GL0051158	80.597	67	13	0	4	70	5	71	2.3699999999999997e-30	110.0	70	71	0				96	V1.CD9-0_GL0051158  [gene]  locus=C754056_1:3651:3866:- [Complete] codon-table.11	blastp	metahit_2014_pep
d9539_asm_v1.2_16	GL0107160_V1_[Complete]_[mRNA]_locus=scaffold79364_1:2517:2732:+	80.597	67	13	0	4	70	5	71	8.609999999999999e-31	110.0	70	71	0				96	GL0107160_V1_[Complete]_[mRNA]_locus=scaffold79364_1:2517:2732:+ [translate_table: standard]	blastp	metahit_pep
d9539_asm_v1.2_16	MH0297_GL0055869	79.104	67	14	0	1	67	1	67	9.979999999999999e-30	108.0	70	67	0				96	MH0297_GL0055869  [gene]  locus=C946681_1:5516:5719:- [Complete] codon-table.11	blastp	metahit_2014_pep
d9539_asm_v1.2_16	MH0173_GL0109000	77.143	70	16	0	1	70	1	70	1.2200000000000001e-29	108.0	70	70	0				100	MH0173_GL0109000  [gene]  locus=scaffold46377_2:1681:1893:- [Complete] codon-table.11	blastp	metahit_2014_pep
d9539_asm_v1.2_16	GL0047059_MH0039_[Complete]_[mRNA]_locus=scaffold84037_1:1856:2068:+	74.286	70	18	0	1	70	1	70	1.4e-29	107.0	70	70	0				100	GL0047059_MH0039_[Complete]_[mRNA]_locus=scaffold84037_1:1856:2068:+ [translate_table: standard]	blastp	metahit_pep
d9539_asm_v1.2_16	GL0047933_O2_[Complete]_[mRNA]_locus=scaffold35233_3:679:891:+	72.857	70	19	0	1	70	1	70	2.36e-27	101.0	70	70	0				100	GL0047933_O2_[Complete]_[mRNA]_locus=scaffold35233_3:679:891:+ [translate_table: standard]	blastp	metahit_pep
d9539_asm_v1.2_16	GL0153401_MH0014_[Complete]_[mRNA]_locus=scaffold53332_3:56:268:-	62.857	70	26	0	1	70	1	70	8.610000000000001e-22	87.0	70	70	0				100	GL0153401_MH0014_[Complete]_[mRNA]_locus=scaffold53332_3:56:268:- [translate_table: standard]	blastp	metahit_pep
d9539_asm_v1.2_16	GL0015766_MH0017_[Complete]_[mRNA]_locus=scaffold1289_1:1925:2782:-	37.209	43	22	1	15	52	178	220	1.1	32.0	70	285	0				54	GL0015766_MH0017_[Complete]_[mRNA]_locus=scaffold1289_1:1925:2782:- [translate_table: standard]	blastp	metahit_pep
d9539_asm_v1.2_16	gi|136820264|gb|EBQ62337.1|	34.091	44	28	1	24	67	80	122	2.0	31.2	70	122	136820264	408172.0			63	hypothetical protein GOS_7723073 [marine metagenome]	blastp	env_nr
d9539_asm_v1.2_16	gi|136551255|gb|EBO89237.1|	30.435	46	32	0	11	56	153	198	5.9	30.4	70	254	136551255	408172.0			66	hypothetical protein GOS_8002617, partial [marine metagenome]	blastp	env_nr
d9539_asm_v1.2_16	GL0032872_MH0024_[Complete]_[mRNA]_locus=scaffold73277_1:2688:3611:-	38.461999999999996	39	19	2	14	50	268	303	3.5	30.4	70	307	0				53	GL0032872_MH0024_[Complete]_[mRNA]_locus=scaffold73277_1:2688:3611:- [translate_table: standard]	blastp	metahit_pep
d9539_asm_v1.2_16	GL0002626_MH0023_[Complete]_[mRNA]_locus=scaffold15963_3:196:1230:-	31.25	48	31	2	21	67	59	105	3.9	30.4	70	344	0				67	GL0002626_MH0023_[Complete]_[mRNA]_locus=scaffold15963_3:196:1230:- [translate_table: standard]	blastp	metahit_pep
d9539_asm_v1.2_16	GL0354827_unmapped_[Lack_5'-end]_[mRNA]_locus=scaffold302509_1:573:923:-	32.558	43	24	1	15	52	10	52	2.6	30.0	70	116	0				54	GL0354827_unmapped_[Lack_5'-end]_[mRNA]_locus=scaffold302509_1:573:923:- [translate_table: standard]	blastp	metahit_pep
d9539_asm_v1.2_16	GL0464765_unmapped_[Lack_5'-end]_[mRNA]_locus=scaffold34173_1:900:1589:-	34.884	43	23	1	15	52	120	162	5.8	29.6	70	229	0				54	GL0464765_unmapped_[Lack_5'-end]_[mRNA]_locus=scaffold34173_1:900:1589:- [translate_table: standard]	blastp	metahit_pep
d9539_asm_v1.2_16	gi|136226764|gb|EBM73396.1|	43.75	32	18	0	37	68	52	83	9.7	29.3	70	102	136226764	408172.0			46	hypothetical protein GOS_8361982, partial [marine metagenome]	blastp	env_nr
d9539_asm_v1.2_14	MH0350_GL0030506	83.704	135	22	0	40	174	1	135	3.279999999999999e-73	226.0	174	135	0				78	MH0350_GL0030506  [gene]  locus=C1242055_1:2443:2850:- [Complete] codon-table.11	blastp	metahit_2014_pep
d9539_asm_v1.2_14	GL0047932_O2_[Complete]_[mRNA]_locus=scaffold35233_3:103:630:+	66.47399999999999	173	58	0	2	174	1	173	2.8199999999999993e-73	226.0	174	175	0				99	GL0047932_O2_[Complete]_[mRNA]_locus=scaffold35233_3:103:630:+ [translate_table: standard]	blastp	metahit_pep
d9539_asm_v1.2_14	O2.UC35-0_GL0103272	73.333	150	40	0	25	174	5	154	2.39e-71	221.0	174	154	0				86	O2.UC35-0_GL0103272  [gene]  locus=C1451006_1:3105:3569:+ [Complete] codon-table.11	blastp	metahit_2014_pep
d9539_asm_v1.2_14	V1.UC47-0_GL0063330	67.05199999999999	173	56	1	2	173	1	173	2.9999999999999994e-69	217.0	174	174	0				99	V1.UC47-0_GL0063330  [gene]  locus=scaffold43834_1:73:597:+ [Complete] codon-table.11	blastp	metahit_2014_pep
d9539_asm_v1.2_14	MH0039_GL0018304	77.778	135	30	0	40	174	1	135	1.5399999999999996e-69	216.0	174	135	0				78	MH0039_GL0018304  [gene]  locus=scaffold66015_3:960:1367:+ [Complete] codon-table.11	blastp	metahit_2014_pep
d9539_asm_v1.2_14	DOM010_GL0081934	74.0	150	39	0	25	174	6	155	2.2499999999999998e-69	216.0	174	155	0				86	DOM010_GL0081934  [gene]  locus=scaffold34317_7:1:468:+ [Lack 5'-end] codon-table.11	blastp	metahit_2014_pep
d9539_asm_v1.2_14	GL0047058_MH0039_[Complete]_[mRNA]_locus=scaffold84037_1:1397:1804:+	77.778	135	30	0	40	174	1	135	4.8199999999999985e-70	216.0	174	135	0				78	GL0047058_MH0039_[Complete]_[mRNA]_locus=scaffold84037_1:1397:1804:+ [translate_table: standard]	blastp	metahit_pep
d9539_asm_v1.2_14	159227541-stool1_revised_scaffold12120_1_gene77397	64.596	161	57	0	14	174	4	164	1.5899999999999998e-67	212.0	174	166	0				93	159227541-stool1_revised_scaffold12120_1_gene77397 strand:-  start:1045 stop:1545 length:501 start_codon:yes stop_codon:yes gene_type:complete [Complete] codon-table.11	blastp	metahit_2014_pep
d9539_asm_v1.2_14	MH0361_GL0034086	69.079	152	47	0	23	174	3	154	2.6899999999999992e-67	211.0	174	154	0				87	MH0361_GL0034086  [gene]  locus=scaffold44043_1:4521:4985:- [Complete] codon-table.11	blastp	metahit_2014_pep
d9539_asm_v1.2_14	MH0100_GL0100933	77.03699999999999	135	31	0	40	174	1	135	4.3199999999999996e-67	210.0	174	135	0				78	MH0100_GL0100933  [gene]  locus=C1657075_1:3921:4328:- [Complete] codon-table.11	blastp	metahit_2014_pep
d9539_asm_v1.2_14	MH0148_GL0013505	78.51899999999999	135	29	0	40	174	1	135	4.9699999999999996e-67	210.0	174	136	0				78	MH0148_GL0013505  [gene]  locus=scaffold78322_1:4136:4546:+ [Complete] codon-table.11	blastp	metahit_2014_pep
d9539_asm_v1.2_14	MH0446_GL0207246	77.03699999999999	135	31	0	40	174	1	135	3.7199999999999993e-66	207.0	174	135	0				78	MH0446_GL0207246  [gene]  locus=C1774148_1:192:599:+ [Complete] codon-table.11	blastp	metahit_2014_pep
d9539_asm_v1.2_14	GL0027810_MH0033_[Complete]_[mRNA]_locus=C3777442_1:2406:2810:+	79.259	135	27	1	40	174	1	134	1.1799999999999997e-66	207.0	174	134	0				78	GL0027810_MH0033_[Complete]_[mRNA]_locus=C3777442_1:2406:2810:+ [translate_table: standard]	blastp	metahit_pep
d9539_asm_v1.2_14	GL0107159_V1_[Complete]_[mRNA]_locus=scaffold79364_1:2058:2471:+	66.667	135	45	0	40	174	1	135	7.859999999999999e-54	175.0	174	137	0				78	GL0107159_V1_[Complete]_[mRNA]_locus=scaffold79364_1:2058:2471:+ [translate_table: standard]	blastp	metahit_pep
d9539_asm_v1.2_14	GL0124608_MH0083_[Lack_5'-end]_[mRNA]_locus=C4216078_1:158:541:-	68.50399999999999	127	40	0	48	174	1	127	2.6100000000000002e-51	168.0	174	127	0				73	GL0124608_MH0083_[Lack_5'-end]_[mRNA]_locus=C4216078_1:158:541:- [translate_table: standard]	blastp	metahit_pep
d9539_asm_v1.2_14	gi|657694190|ref|WP_029493819.1|	22.124000000000002	113	85	2	54	166	43	152	1.8	38.5	174	178	657694190	1307442;1583098	N/A;N/A	N/A;N/A	65	hypothetical protein [Fusobacterium hwasookii]	blastp	nr
d9539_asm_v1.2_14	gi|780254518|ref|WP_045541509.1|	28.467	137	89	6	30	159	22	156	3.0	38.5	174	374	780254518	104102			75	gluconolactonase [Acetobacter tropicalis]	blastp	nr
d9539_asm_v1.2_14	GL0097515_MH0062_[Lack_both_end]_[mRNA]_locus=scaffold21585_8:2:712:-	31.480999999999998	54	37	0	48	101	68	121	0.071	38.1	174	237	0				31	GL0097515_MH0062_[Lack_both_end]_[mRNA]_locus=scaffold21585_8:2:712:- [translate_table: standard]	blastp	metahit_pep
d9539_asm_v1.2_14	gi|138220043|gb|EBY50077.1|	32.222	90	51	3	32	120	123	203	0.71	36.2	174	315	138220043	408172.0			51	hypothetical protein GOS_5591846, partial [marine metagenome]	blastp	env_nr
d9539_asm_v1.2_14	HMPREF9978_04287	19.608	102	76	3	43	140	1051	1150	2.3	35.4	174	10229	0				56	HMPREF9978_04287 Gram-positive signal peptide protein, YSIRK family [Staphylococcus epidermidis NIHLM015]	blastp	hmp_pep
d9539_asm_v1.2_14	HMPREF9984_05057	19.608	102	76	3	43	140	1051	1150	2.3	35.4	174	10229	0				56	HMPREF9984_05057 Gram-positive signal peptide protein, YSIRK family [Staphylococcus epidermidis NIHLM037]	blastp	hmp_pep
d9539_asm_v1.2_14	GL0168145_MH0006_[Complete]_[mRNA]_locus=scaffold307239_1:731:1708:+	24.183000000000003	153	86	5	34	168	77	217	1.0	35.0	174	325	0				78	GL0168145_MH0006_[Complete]_[mRNA]_locus=scaffold307239_1:731:1708:+ [translate_table: standard]	blastp	metahit_pep
d9539_asm_v1.2_14	gi|816814927|gb|KKN89752.1|	25.743000000000002	101	72	2	25	123	83	182	2.5	34.7	174	384	816814927	412755.0			57	hypothetical protein LCGC14_0235980 [marine sediment metagenome]	blastp	env_nr
d9539_asm_v1.2_14	GL0026281_MH0006_[Complete]_[mRNA]_locus=scaffold107832_3:2277:3542:+	29.63	54	38	0	50	103	153	206	1.4	34.7	174	421	0				31	GL0026281_MH0006_[Complete]_[mRNA]_locus=scaffold107832_3:2277:3542:+ [translate_table: standard]	blastp	metahit_pep
d9539_asm_v1.2_14	GL0088357_MH0080_[Complete]_[mRNA]_locus=scaffold52166_1:6507:7778:-	30.0	50	35	0	50	99	154	203	1.6	34.7	174	423	0				29	GL0088357_MH0080_[Complete]_[mRNA]_locus=scaffold52166_1:6507:7778:- [translate_table: standard]	blastp	metahit_pep
d9539_asm_v1.2_14	gi|594787956|dbj|GAI92742.1|	33.824	68	41	2	57	122	25	90	2.9	34.3	174	283	594787956	412755.0			38	unnamed protein product, partial [marine sediment metagenome]	blastp	env_nr
d9539_asm_v1.2_14	gi|142732260|gb|EDA17626.1|	34.667	75	46	3	42	116	182	253	6.8	33.1	174	273	142732260	408172.0			43	hypothetical protein GOS_2049936 [marine metagenome]	blastp	env_nr
d9539_asm_v1.2_14	GL0085946_MH0059_[Lack_5'-end]_[mRNA]_locus=scaffold54634_1:2:268:+	26.136	88	50	2	78	165	7	79	1.1	33.1	174	88	0				51	GL0085946_MH0059_[Lack_5'-end]_[mRNA]_locus=scaffold54634_1:2:268:+ [translate_table: standard]	blastp	metahit_pep
d9539_asm_v1.2_14	gi|136709795|gb|EBP89117.1|	29.688000000000002	64	43	1	107	168	9	72	2.9	32.3	174	72	136709795	408172.0			36	hypothetical protein GOS_7837385 [marine metagenome]	blastp	env_nr
d9539_asm_v1.2_14	gi|135985580|gb|EBL15567.1|	28.049	82	46	2	41	110	32	112	7.8	32.0	174	116	135985580	408172.0			40	hypothetical protein GOS_8614596, partial [marine metagenome]	blastp	env_nr
d9539_asm_v1.2_14	gi|594775093|dbj|GAI91812.1|	37.143	35	22	0	87	121	25	59	6.3	31.6	174	79	594775093	412755.0			20	unnamed protein product [marine sediment metagenome]	blastp	env_nr
d9539_asm_v1.2_13	gi|1003735797|gb|KXX73308.1|	41.935	31	16	1	4	34	214	242	7.8	33.5	36	341	1003735797	100816			86	putative short-chain type dehydrogenase/reductase VdlC [Madurella mycetomatis]	blastp	nr
d9539_asm_v1.2_11	V1.FI30_GL0086214	91.449	421	36	0	1	421	1	421	0.0	801.0	421	421	0				100	V1.FI30_GL0086214  [gene]  locus=C1434676_1:3854:5119:+ [Complete] codon-table.11	blastp	metahit_2014_pep
d9539_asm_v1.2_11	MH0413_GL0135533	93.824	421	26	0	1	421	1	421	0.0	794.0	421	421	0				100	MH0413_GL0135533  [gene]  locus=scaffold143833_1:1399:2664:- [Complete] codon-table.11	blastp	metahit_2014_pep
d9539_asm_v1.2_11	GL0047057_MH0039_[Complete]_[mRNA]_locus=scaffold84037_1:69:1334:+	93.11200000000001	421	29	0	1	421	1	421	0.0	790.0	421	421	0				100	GL0047057_MH0039_[Complete]_[mRNA]_locus=scaffold84037_1:69:1334:+ [translate_table: standard]	blastp	metahit_pep
d9539_asm_v1.2_11	V1.UC58-0_GL0088246	93.34899999999999	421	27	1	1	421	1	420	0.0	788.0	421	420	0				100	V1.UC58-0_GL0088246  [gene]  locus=C1432657_1:3554:4816:- [Complete] codon-table.11	blastp	metahit_2014_pep
d9539_asm_v1.2_11	MH0454_GL0202593	92.162	421	33	0	1	421	1	421	0.0	786.0	421	421	0				100	MH0454_GL0202593  [gene]  locus=C2164004_1:2006:3271:+ [Complete] codon-table.11	blastp	metahit_2014_pep
d9539_asm_v1.2_11	V1.CD49-0_GL0024252	93.11200000000001	421	28	1	1	421	1	420	0.0	785.0	421	420	0				100	V1.CD49-0_GL0024252  [gene]  locus=scaffold57460_1:335:1597:- [Complete] codon-table.11	blastp	metahit_2014_pep
d9539_asm_v1.2_11	V1.UC42-0_GL0147535	92.874	421	29	1	1	421	1	420	0.0	783.0	421	420	0				100	V1.UC42-0_GL0147535  [gene]  locus=scaffold88879_1:1745:3007:- [Complete] codon-table.11	blastp	metahit_2014_pep
d9539_asm_v1.2_11	MH0124_GL0053855	94.06200000000001	421	25	0	1	421	1	421	0.0	782.0	421	421	0				100	MH0124_GL0053855  [gene]  locus=scaffold87339_8:108:1373:- [Complete] codon-table.11	blastp	metahit_2014_pep
d9539_asm_v1.2_11	V1.CD9-0_GL0011285	91.449	421	36	0	1	421	1	421	0.0	779.0	421	421	0				100	V1.CD9-0_GL0011285  [gene]  locus=C738604_1:24:1289:- [Complete] codon-table.11	blastp	metahit_2014_pep
d9539_asm_v1.2_11	MH0358_GL0076303	91.449	421	36	0	1	421	1	421	0.0	779.0	421	421	0				100	MH0358_GL0076303  [gene]  locus=C916049_1:769:2034:- [Complete] codon-table.11	blastp	metahit_2014_pep
d9539_asm_v1.2_11	GL0107158_V1_[Complete]_[mRNA]_locus=scaffold79364_1:730:1995:+	91.449	421	36	0	1	421	1	421	0.0	779.0	421	421	0				100	GL0107158_V1_[Complete]_[mRNA]_locus=scaffold79364_1:730:1995:+ [translate_table: standard]	blastp	metahit_pep
d9539_asm_v1.2_11	MH0350_GL0030507	92.619	420	31	0	1	420	1	420	0.0	778.0	421	421	0				99	MH0350_GL0030507  [gene]  locus=C1242055_1:2913:4178:- [Complete] codon-table.11	blastp	metahit_2014_pep
d9539_asm_v1.2_11	GL0016161_MH0077_[Complete]_[mRNA]_locus=scaffold9705_3:39:1304:+	89.54899999999999	421	44	0	1	421	1	421	0.0	766.0	421	421	0				100	GL0016161_MH0077_[Complete]_[mRNA]_locus=scaffold9705_3:39:1304:+ [translate_table: standard]	blastp	metahit_pep
d9539_asm_v1.2_11	GL0027809_MH0033_[Complete]_[mRNA]_locus=C3777442_1:1078:2343:+	92.637	421	31	0	1	421	1	421	0.0	763.0	421	421	0				100	GL0027809_MH0033_[Complete]_[mRNA]_locus=C3777442_1:1078:2343:+ [translate_table: standard]	blastp	metahit_pep
d9539_asm_v1.2_11	GL0019903_MH0046_[Complete]_[mRNA]_locus=scaffold87326_1:369:1613:+	40.617	389	222	3	12	398	10	391	1.1399999999999997e-64	220.0	421	414	0				92	GL0019903_MH0046_[Complete]_[mRNA]_locus=scaffold87326_1:369:1613:+ [translate_table: standard]	blastp	metahit_pep
d9539_asm_v1.2_11	GL0006643_V1_[Lack_5'-end]_[mRNA]_locus=scaffold43540_3:2329:3525:-	40.054	367	211	3	21	385	2	361	1.8999999999999996e-62	214.0	421	398	0				87	GL0006643_V1_[Lack_5'-end]_[mRNA]_locus=scaffold43540_3:2329:3525:- [translate_table: standard]	blastp	metahit_pep
d9539_asm_v1.2_11	GL0103048_V1_[Complete]_[mRNA]_locus=scaffold45917_2:981:2261:+	31.989	372	235	6	30	388	30	396	1.6600000000000003e-27	118.0	421	426	0				85	GL0103048_V1_[Complete]_[mRNA]_locus=scaffold45917_2:981:2261:+ [translate_table: standard]	blastp	metahit_pep
d9539_asm_v1.2_11	GL0008069_MH0040_[Lack_both_end]_[mRNA]_locus=scaffold48495_5:2:661:-	35.78	218	125	4	54	263	1	211	3.9200000000000003e-28	116.0	421	220	0				50	GL0008069_MH0040_[Lack_both_end]_[mRNA]_locus=scaffold48495_5:2:661:- [translate_table: standard]	blastp	metahit_pep
d9539_asm_v1.2_11	GL0099503_MH0040_[Complete]_[mRNA]_locus=scaffold48695_6:226:1317:+	36.016999999999996	236	131	8	10	240	11	231	4.22e-20	95.9	421	363	0				55	GL0099503_MH0040_[Complete]_[mRNA]_locus=scaffold48695_6:226:1317:+ [translate_table: standard]	blastp	metahit_pep
d9539_asm_v1.2_11	GL0047931_O2_[Lack_5'-end]_[mRNA]_locus=scaffold35233_3:3:155:+	90.196	51	4	1	371	421	1	50	2.4700000000000002e-21	92.4	421	50	0				12	GL0047931_O2_[Lack_5'-end]_[mRNA]_locus=scaffold35233_3:3:155:+ [translate_table: standard]	blastp	metahit_pep
d9539_asm_v1.2_11	gi|755259278|gb|AJK28241.1|	27.404	208	102	6	19	218	7	173	5.6999999999999996e-05	55.1	421	277	755259278	1609634			48	hypothetical protein [Eel River basin pequenovirus]	blastp	nr
d9539_asm_v1.2_11	BACEGG_02723	40.323	62	37	0	71	132	87	148	0.000127	50.4	421	368	0				15	BACEGG_02723 hypothetical protein [Bacteroides eggerthii DSM 20697]	blastp	hmp_pep
d9539_asm_v1.2_11	BACEGG_02723	40.323	62	37	0	71	132	87	148	0.000127	50.4	421	368	0				15	BACEGG_02723 hypothetical protein [Bacteroides eggerthii DSM 20697]	blastp	hmp_pep
d9539_asm_v1.2_11	gi|490418711|ref|WP_004291034.1|	40.323	62	37	0	71	132	87	148	0.002	50.4	421	368	490418711	28111;483216	N/A;N/A	N/A;N/A	15	hypothetical protein [Bacteroides eggerthii]	blastp	nr
d9539_asm_v1.2_11	gi|575094324|emb|CDL65715.1|	31.131999999999998	106	71	1	25	130	8	111	0.039	46.6	421	370	575094324	77133			25	unnamed protein product [uncultured bacterium]	blastp	nr
d9539_asm_v1.2_11	gi|575094344|emb|CDL65728.1|	32.479	117	69	4	25	139	24	132	0.41	43.5	421	368	575094344	77133			27	unnamed protein product [uncultured bacterium]	blastp	nr
d9539_asm_v1.2_11	gi|906476379|ref|YP_009160390.1|	27.586	145	88	4	72	207	62	198	0.41	43.1	421	336	906476379	1655657			32	DNA pilot protein VP2 [Microviridae Fen685_11]	blastp	nr
d9539_asm_v1.2_11	gi|906476300|ref|YP_009160346.1|	31.858	113	63	2	75	178	53	160	0.47	43.1	421	334	906476300	1655648			25	DNA pilot protein VP2 [Microviridae Bog5275_51]	blastp	nr
d9539_asm_v1.2_11	HMPREF0645_1833	31.544	149	87	5	18	159	10	150	0.062	42.4	421	412	0				34	HMPREF0645_1833 hypothetical protein [Prevotella bergensis DSM 17361]	blastp	hmp_pep
d9539_asm_v1.2_11	HMPREF0645_1833	31.544	149	87	5	18	159	10	150	0.062	42.4	421	412	0				34	HMPREF0645_1833 hypothetical protein [Prevotella bergensis DSM 17361]	blastp	hmp_pep
d9539_asm_v1.2_11	gi|494308779|ref|WP_007173936.1|	31.544	149	87	5	18	159	10	150	0.98	42.4	421	412	494308779	242750;585502	N/A;N/A	N/A;N/A	34	hypothetical protein [Prevotella bergensis]	blastp	nr
d9539_asm_v1.2_11	gi|970507841|ref|WP_058784001.1|	33.333	120	75	3	106	225	171	285	1.0	42.0	421	395	970507841	237610			29	isochorismate synthase [Pseudomonas psychrotolerans]	blastp	nr
d9539_asm_v1.2_11	gi|750264299|ref|WP_040554785.1|	27.014	211	122	7	18	221	81	266	1.9	41.6	421	447	750264299	282402			48	hypothetical protein [Prevotella multiformis]	blastp	nr
d9539_asm_v1.2_11	HMPREF9141_0987	27.014	211	122	7	18	221	71	256	0.17	40.8	421	437	0				48	HMPREF9141_0987 hypothetical protein [Prevotella multiformis DSM 16608]	blastp	hmp_pep
d9539_asm_v1.2_11	HMPREF9141_0987	27.014	211	122	7	18	221	71	256	0.17	40.8	421	437	0				48	HMPREF9141_0987 hypothetical protein [Prevotella multiformis DSM 16608]	blastp	hmp_pep
d9539_asm_v1.2_11	gi|755259304|gb|AJK28263.1|	31.068	103	42	5	1	103	1	74	2.1	40.8	421	285	755259304	1609634			24	hypothetical protein [Eel River basin pequenovirus]	blastp	nr
d9539_asm_v1.2_11	HMPREF9145_2738	28.570999999999998	98	67	1	74	171	41	135	0.58	38.9	421	322	0				23	HMPREF9145_2738 hypothetical protein [Prevotella salivae F0493]	blastp	hmp_pep
d9539_asm_v1.2_11	HMPREF9145_2738	28.570999999999998	98	67	1	74	171	41	135	0.58	38.9	421	322	0				23	HMPREF9145_2738 hypothetical protein [Prevotella salivae F0493]	blastp	hmp_pep
d9539_asm_v1.2_11	HMPREF0860_1608	30.508000000000003	59	39	1	249	305	383	441	1.2	38.5	421	1341	0				14	HMPREF0860_1608 hypothetical protein [Treponema socranskii subsp. socranskii VPI DR56BR1116 = ATCC 35536]	blastp	hmp_pep
d9539_asm_v1.2_11	HMPREF0860_1608	30.508000000000003	59	39	1	249	305	383	441	1.2	38.5	421	1341	0				14	HMPREF0860_1608 hypothetical protein [Treponema socranskii subsp. socranskii VPI DR56BR1116 = ATCC 35536]	blastp	hmp_pep
d9539_asm_v1.2_11	gi|135497532|gb|EBI02878.1|	29.752	121	56	5	141	261	32	123	0.9	36.2	421	126	135497532	408172.0			29	hypothetical protein GOS_9161653, partial [marine metagenome]	blastp	env_nr
d9539_asm_v1.2_11	gi|816462289|gb|KKK91827.1|	29.104	134	79	6	77	204	157	280	3.5	36.2	421	433	816462289	412755.0			30	hypothetical protein LCGC14_2709040, partial [marine sediment metagenome]	blastp	env_nr
d9539_asm_v1.2_11	gi|135189716|gb|EBG06774.1|	32.876999999999995	73	45	2	225	297	15	83	6.5	35.4	421	406	135189716	408172.0			17	hypothetical protein GOS_9495209, partial [marine metagenome]	blastp	env_nr
d9539_asm_v1.2_11	gi|139859426|gb|ECH96423.1|	35.821	67	36	2	224	286	153	216	7.9	34.7	421	247	139859426	408172.0			15	hypothetical protein GOS_3195618, partial [marine metagenome]	blastp	env_nr
d9539_asm_v1.2_11	gi|604215005|dbj|GAH14719.1|	29.576999999999998	71	50	0	87	157	63	133	9.0	33.5	421	138	604215005	412755.0			17	unnamed protein product, partial [marine sediment metagenome]	blastp	env_nr
d9539_asm_v1.2_1	MH0148_GL0013503	92.59299999999999	27	2	0	1	27	1	27	2.3099999999999998e-10	57.4	27	121	0				100	MH0148_GL0013503  [gene]  locus=scaffold78322_1:2441:2806:+ [Complete] codon-table.11	blastp	metahit_2014_pep
