d9539_asm_v1.2_3	GL0094302_MH0070_[Complete]_[mRNA]_locus=scaffold90134_3:261:938:-	52.632	19	9	0	17	35	3	21	7.3	28.5	36	225	0	N/A	N/A	N/A	53	GL0094302_MH0070_[Complete]_[mRNA]_locus=scaffold90134_3:261:938:- [translate_table: standard]
d9539_asm_v1.2_4	GL0053331_MH0003_[Complete]_[mRNA]_locus=scaffold12561_1:2081:2257:+	30.612	49	32	1	5	51	8	56	2.2	28.9	52	58	0	N/A	N/A	N/A	90	GL0053331_MH0003_[Complete]_[mRNA]_locus=scaffold12561_1:2081:2257:+ [translate_table: standard]
d9539_asm_v1.2_4	GL0022926_MH0074_[Complete]_[mRNA]_locus=scaffold42992_2:3259:5064:+	38.889	36	22	0	15	50	243	278	2.7	30.8	52	601	0	N/A	N/A	N/A	69	GL0022926_MH0074_[Complete]_[mRNA]_locus=scaffold42992_2:3259:5064:+ [translate_table: standard]
d9539_asm_v1.2_4	GL0068314_V1_[Complete]_[mRNA]_locus=scaffold42367_11:1623:2942:-	30.000	50	33	1	1	50	20	67	4.5	29.6	52	439	0	N/A	N/A	N/A	96	GL0068314_V1_[Complete]_[mRNA]_locus=scaffold42367_11:1623:2942:- [translate_table: standard]
d9539_asm_v1.2_5	GL0012681_MH0069_[Lack_3'-end]_[mRNA]_locus=C6797415_1:3:281:-	50.000	48	24	0	3	50	42	89	8.38e-10	55.5	58	93	0	N/A	N/A	N/A	83	GL0012681_MH0069_[Lack_3'-end]_[mRNA]_locus=C6797415_1:3:281:- [translate_table: standard]
d9539_asm_v1.2_5	GL0019902_MH0046_[Complete]_[mRNA]_locus=scaffold87326_1:169:366:+	31.481	54	30	3	10	56	10	63	0.12	32.7	58	65	0	N/A	N/A	N/A	81	GL0019902_MH0046_[Complete]_[mRNA]_locus=scaffold87326_1:169:366:+ [translate_table: standard]
d9539_asm_v1.2_5	GL0184885_MH0006_[Complete]_[mRNA]_locus=scaffold160683_1:4001:4201:+	57.143	21	9	0	12	32	13	33	1.4	29.6	58	66	0	N/A	N/A	N/A	36	GL0184885_MH0006_[Complete]_[mRNA]_locus=scaffold160683_1:4001:4201:+ [translate_table: standard]
d9539_asm_v1.2_5	GL0129896_V1_[Complete]_[mRNA]_locus=scaffold23533_1:8423:9493:+	33.333	39	26	0	2	40	21	59	6.0	29.6	58	356	0	N/A	N/A	N/A	67	GL0129896_V1_[Complete]_[mRNA]_locus=scaffold23533_1:8423:9493:+ [translate_table: standard]
d9539_asm_v1.2_5	GL0118134_MH0033_[Complete]_[mRNA]_locus=C3777010_1:1370:1789:+	45.455	33	14	1	24	56	57	85	8.2	28.5	58	139	0	N/A	N/A	N/A	57	GL0118134_MH0033_[Complete]_[mRNA]_locus=C3777010_1:1370:1789:+ [translate_table: standard]
d9539_asm_v1.2_5	GL0069547_MH0031_[Complete]_[mRNA]_locus=scaffold3329_8:1871:3637:+	54.545	22	10	0	16	37	78	99	8.4	29.3	58	588	0	N/A	N/A	N/A	38	GL0069547_MH0031_[Complete]_[mRNA]_locus=scaffold3329_8:1871:3637:+ [translate_table: standard]
d9539_asm_v1.2_11	GL0047057_MH0039_[Complete]_[mRNA]_locus=scaffold84037_1:69:1334:+	93.112	421	29	0	1	421	1	421	0.0	790	421	421	0	N/A	N/A	N/A	100	GL0047057_MH0039_[Complete]_[mRNA]_locus=scaffold84037_1:69:1334:+ [translate_table: standard]
d9539_asm_v1.2_11	GL0107158_V1_[Complete]_[mRNA]_locus=scaffold79364_1:730:1995:+	91.449	421	36	0	1	421	1	421	0.0	779	421	421	0	N/A	N/A	N/A	100	GL0107158_V1_[Complete]_[mRNA]_locus=scaffold79364_1:730:1995:+ [translate_table: standard]
d9539_asm_v1.2_11	GL0016161_MH0077_[Complete]_[mRNA]_locus=scaffold9705_3:39:1304:+	89.549	421	44	0	1	421	1	421	0.0	766	421	421	0	N/A	N/A	N/A	100	GL0016161_MH0077_[Complete]_[mRNA]_locus=scaffold9705_3:39:1304:+ [translate_table: standard]
d9539_asm_v1.2_11	GL0027809_MH0033_[Complete]_[mRNA]_locus=C3777442_1:1078:2343:+	92.637	421	31	0	1	421	1	421	0.0	763	421	421	0	N/A	N/A	N/A	100	GL0027809_MH0033_[Complete]_[mRNA]_locus=C3777442_1:1078:2343:+ [translate_table: standard]
d9539_asm_v1.2_11	GL0019903_MH0046_[Complete]_[mRNA]_locus=scaffold87326_1:369:1613:+	40.617	389	222	3	12	398	10	391	1.14e-64	220	421	414	0	N/A	N/A	N/A	92	GL0019903_MH0046_[Complete]_[mRNA]_locus=scaffold87326_1:369:1613:+ [translate_table: standard]
d9539_asm_v1.2_11	GL0006643_V1_[Lack_5'-end]_[mRNA]_locus=scaffold43540_3:2329:3525:-	40.054	367	211	3	21	385	2	361	1.90e-62	214	421	398	0	N/A	N/A	N/A	87	GL0006643_V1_[Lack_5'-end]_[mRNA]_locus=scaffold43540_3:2329:3525:- [translate_table: standard]
d9539_asm_v1.2_11	GL0008069_MH0040_[Lack_both_end]_[mRNA]_locus=scaffold48495_5:2:661:-	35.780	218	125	4	54	263	1	211	3.92e-28	116	421	220	0	N/A	N/A	N/A	50	GL0008069_MH0040_[Lack_both_end]_[mRNA]_locus=scaffold48495_5:2:661:- [translate_table: standard]
d9539_asm_v1.2_11	GL0103048_V1_[Complete]_[mRNA]_locus=scaffold45917_2:981:2261:+	31.989	372	235	6	30	388	30	396	1.66e-27	118	421	426	0	N/A	N/A	N/A	85	GL0103048_V1_[Complete]_[mRNA]_locus=scaffold45917_2:981:2261:+ [translate_table: standard]
d9539_asm_v1.2_11	GL0047931_O2_[Lack_5'-end]_[mRNA]_locus=scaffold35233_3:3:155:+	90.196	51	4	1	371	421	1	50	2.47e-21	92.4	421	50	0	N/A	N/A	N/A	12	GL0047931_O2_[Lack_5'-end]_[mRNA]_locus=scaffold35233_3:3:155:+ [translate_table: standard]
d9539_asm_v1.2_11	GL0099503_MH0040_[Complete]_[mRNA]_locus=scaffold48695_6:226:1317:+	36.017	236	131	8	10	240	11	231	4.22e-20	95.9	421	363	0	N/A	N/A	N/A	55	GL0099503_MH0040_[Complete]_[mRNA]_locus=scaffold48695_6:226:1317:+ [translate_table: standard]
d9539_asm_v1.2_14	GL0047932_O2_[Complete]_[mRNA]_locus=scaffold35233_3:103:630:+	66.474	173	58	0	2	174	1	173	2.82e-73	226	174	175	0	N/A	N/A	N/A	99	GL0047932_O2_[Complete]_[mRNA]_locus=scaffold35233_3:103:630:+ [translate_table: standard]
d9539_asm_v1.2_14	GL0047058_MH0039_[Complete]_[mRNA]_locus=scaffold84037_1:1397:1804:+	77.778	135	30	0	40	174	1	135	4.82e-70	216	174	135	0	N/A	N/A	N/A	78	GL0047058_MH0039_[Complete]_[mRNA]_locus=scaffold84037_1:1397:1804:+ [translate_table: standard]
d9539_asm_v1.2_14	GL0027810_MH0033_[Complete]_[mRNA]_locus=C3777442_1:2406:2810:+	79.259	135	27	1	40	174	1	134	1.18e-66	207	174	134	0	N/A	N/A	N/A	78	GL0027810_MH0033_[Complete]_[mRNA]_locus=C3777442_1:2406:2810:+ [translate_table: standard]
d9539_asm_v1.2_14	GL0107159_V1_[Complete]_[mRNA]_locus=scaffold79364_1:2058:2471:+	66.667	135	45	0	40	174	1	135	7.86e-54	175	174	137	0	N/A	N/A	N/A	78	GL0107159_V1_[Complete]_[mRNA]_locus=scaffold79364_1:2058:2471:+ [translate_table: standard]
d9539_asm_v1.2_14	GL0124608_MH0083_[Lack_5'-end]_[mRNA]_locus=C4216078_1:158:541:-	68.504	127	40	0	48	174	1	127	2.61e-51	168	174	127	0	N/A	N/A	N/A	73	GL0124608_MH0083_[Lack_5'-end]_[mRNA]_locus=C4216078_1:158:541:- [translate_table: standard]
d9539_asm_v1.2_14	GL0097515_MH0062_[Lack_both_end]_[mRNA]_locus=scaffold21585_8:2:712:-	31.481	54	37	0	48	101	68	121	0.071	38.1	174	237	0	N/A	N/A	N/A	31	GL0097515_MH0062_[Lack_both_end]_[mRNA]_locus=scaffold21585_8:2:712:- [translate_table: standard]
d9539_asm_v1.2_14	GL0168145_MH0006_[Complete]_[mRNA]_locus=scaffold307239_1:731:1708:+	24.183	153	86	5	34	168	77	217	1.0	35.0	174	325	0	N/A	N/A	N/A	78	GL0168145_MH0006_[Complete]_[mRNA]_locus=scaffold307239_1:731:1708:+ [translate_table: standard]
d9539_asm_v1.2_14	GL0085946_MH0059_[Lack_5'-end]_[mRNA]_locus=scaffold54634_1:2:268:+	26.136	88	50	2	78	165	7	79	1.1	33.1	174	88	0	N/A	N/A	N/A	51	GL0085946_MH0059_[Lack_5'-end]_[mRNA]_locus=scaffold54634_1:2:268:+ [translate_table: standard]
d9539_asm_v1.2_14	GL0026281_MH0006_[Complete]_[mRNA]_locus=scaffold107832_3:2277:3542:+	29.630	54	38	0	50	103	153	206	1.4	34.7	174	421	0	N/A	N/A	N/A	31	GL0026281_MH0006_[Complete]_[mRNA]_locus=scaffold107832_3:2277:3542:+ [translate_table: standard]
d9539_asm_v1.2_14	GL0088357_MH0080_[Complete]_[mRNA]_locus=scaffold52166_1:6507:7778:-	30.000	50	35	0	50	99	154	203	1.6	34.7	174	423	0	N/A	N/A	N/A	29	GL0088357_MH0080_[Complete]_[mRNA]_locus=scaffold52166_1:6507:7778:- [translate_table: standard]
d9539_asm_v1.2_16	GL0027811_MH0033_[Complete]_[mRNA]_locus=C3777442_1:2862:3074:+	77.143	70	16	0	1	70	1	70	2.84e-31	111	70	70	0	N/A	N/A	N/A	100	GL0027811_MH0033_[Complete]_[mRNA]_locus=C3777442_1:2862:3074:+ [translate_table: standard]
d9539_asm_v1.2_16	GL0107160_V1_[Complete]_[mRNA]_locus=scaffold79364_1:2517:2732:+	80.597	67	13	0	4	70	5	71	8.61e-31	110	70	71	0	N/A	N/A	N/A	96	GL0107160_V1_[Complete]_[mRNA]_locus=scaffold79364_1:2517:2732:+ [translate_table: standard]
d9539_asm_v1.2_16	GL0047059_MH0039_[Complete]_[mRNA]_locus=scaffold84037_1:1856:2068:+	74.286	70	18	0	1	70	1	70	1.40e-29	107	70	70	0	N/A	N/A	N/A	100	GL0047059_MH0039_[Complete]_[mRNA]_locus=scaffold84037_1:1856:2068:+ [translate_table: standard]
d9539_asm_v1.2_16	GL0047933_O2_[Complete]_[mRNA]_locus=scaffold35233_3:679:891:+	72.857	70	19	0	1	70	1	70	2.36e-27	101	70	70	0	N/A	N/A	N/A	100	GL0047933_O2_[Complete]_[mRNA]_locus=scaffold35233_3:679:891:+ [translate_table: standard]
d9539_asm_v1.2_16	GL0153401_MH0014_[Complete]_[mRNA]_locus=scaffold53332_3:56:268:-	62.857	70	26	0	1	70	1	70	8.61e-22	87.0	70	70	0	N/A	N/A	N/A	100	GL0153401_MH0014_[Complete]_[mRNA]_locus=scaffold53332_3:56:268:- [translate_table: standard]
d9539_asm_v1.2_16	GL0015766_MH0017_[Complete]_[mRNA]_locus=scaffold1289_1:1925:2782:-	37.209	43	22	1	15	52	178	220	1.1	32.0	70	285	0	N/A	N/A	N/A	54	GL0015766_MH0017_[Complete]_[mRNA]_locus=scaffold1289_1:1925:2782:- [translate_table: standard]
d9539_asm_v1.2_16	GL0354827_unmapped_[Lack_5'-end]_[mRNA]_locus=scaffold302509_1:573:923:-	32.558	43	24	1	15	52	10	52	2.6	30.0	70	116	0	N/A	N/A	N/A	54	GL0354827_unmapped_[Lack_5'-end]_[mRNA]_locus=scaffold302509_1:573:923:- [translate_table: standard]
d9539_asm_v1.2_16	GL0032872_MH0024_[Complete]_[mRNA]_locus=scaffold73277_1:2688:3611:-	38.462	39	19	2	14	50	268	303	3.5	30.4	70	307	0	N/A	N/A	N/A	53	GL0032872_MH0024_[Complete]_[mRNA]_locus=scaffold73277_1:2688:3611:- [translate_table: standard]
d9539_asm_v1.2_16	GL0002626_MH0023_[Complete]_[mRNA]_locus=scaffold15963_3:196:1230:-	31.250	48	31	2	21	67	59	105	3.9	30.4	70	344	0	N/A	N/A	N/A	67	GL0002626_MH0023_[Complete]_[mRNA]_locus=scaffold15963_3:196:1230:- [translate_table: standard]
d9539_asm_v1.2_16	GL0464765_unmapped_[Lack_5'-end]_[mRNA]_locus=scaffold34173_1:900:1589:-	34.884	43	23	1	15	52	120	162	5.8	29.6	70	229	0	N/A	N/A	N/A	54	GL0464765_unmapped_[Lack_5'-end]_[mRNA]_locus=scaffold34173_1:900:1589:- [translate_table: standard]
d9539_asm_v1.2_20	GL0120342_V1_[Lack_3'-end]_[mRNA]_locus=scaffold50607_6:1:1020:-	30.189	53	36	1	10	61	34	86	0.78	33.5	111	340	0	N/A	N/A	N/A	47	GL0120342_V1_[Lack_3'-end]_[mRNA]_locus=scaffold50607_6:1:1020:- [translate_table: standard]
d9539_asm_v1.2_20	GL0091203_V1_[Lack_5'-end]_[mRNA]_locus=scaffold18969_3:12920:14494:-	28.571	77	53	1	11	87	9	83	1.4	33.1	111	524	0	N/A	N/A	N/A	69	GL0091203_V1_[Lack_5'-end]_[mRNA]_locus=scaffold18969_3:12920:14494:- [translate_table: standard]
d9539_asm_v1.2_20	GL0083022_MH0069_[Lack_3'-end]_[mRNA]_locus=scaffold29057_1:3:1115:-	23.364	107	70	3	3	98	265	370	3.3	32.0	111	371	0	N/A	N/A	N/A	86	GL0083022_MH0069_[Lack_3'-end]_[mRNA]_locus=scaffold29057_1:3:1115:- [translate_table: standard]
d9539_asm_v1.2_20	GL0561015_unmapped_[Lack_3'-end]_[mRNA]_locus=scaffold36708_1:214:1134:+	28.235	85	43	4	22	97	49	124	3.7	31.6	111	307	0	N/A	N/A	N/A	68	GL0561015_unmapped_[Lack_3'-end]_[mRNA]_locus=scaffold36708_1:214:1134:+ [translate_table: standard]
d9539_asm_v1.2_20	GL0056866_MH0047_[Lack_3'-end]_[mRNA]_locus=scaffold2078_2:5249:5716:+	28.205	78	52	2	24	99	52	127	3.9	31.6	111	156	0	N/A	N/A	N/A	68	GL0056866_MH0047_[Lack_3'-end]_[mRNA]_locus=scaffold2078_2:5249:5716:+ [translate_table: standard]
d9539_asm_v1.2_20	GL0106163_MH0038_[Lack_5'-end]_[mRNA]_locus=scaffold67309_1:607:1188:-	36.000	75	42	2	2	70	50	124	5.1	31.2	111	193	0	N/A	N/A	N/A	62	GL0106163_MH0038_[Lack_5'-end]_[mRNA]_locus=scaffold67309_1:607:1188:- [translate_table: standard]
d9539_asm_v1.2_20	GL0050539_V1_[Lack_3'-end]_[mRNA]_locus=scaffold13452_1:3:437:-	23.711	97	55	5	24	111	53	139	5.5	31.2	111	145	0	N/A	N/A	N/A	79	GL0050539_V1_[Lack_3'-end]_[mRNA]_locus=scaffold13452_1:3:437:- [translate_table: standard]
d9539_asm_v1.2_20	GL0065954_MH0085_[Complete]_[mRNA]_locus=scaffold62583_1:47:2035:-	36.170	47	26	1	9	51	99	145	6.7	31.2	111	662	0	N/A	N/A	N/A	39	GL0065954_MH0085_[Complete]_[mRNA]_locus=scaffold62583_1:47:2035:- [translate_table: standard]
d9539_asm_v1.2_20	GL0000614_MH0010_[Complete]_[mRNA]_locus=scaffold14363_6:194:2869:+	30.357	56	39	0	30	85	80	135	8.2	30.8	111	891	0	N/A	N/A	N/A	50	GL0000614_MH0010_[Complete]_[mRNA]_locus=scaffold14363_6:194:2869:+ [translate_table: standard]
d9539_asm_v1.2_22	GL0027812_MH0033_[Complete]_[mRNA]_locus=C3777442_1:3115:4119:+	91.916	334	27	0	28	361	1	334	0.0	637	361	334	0	N/A	N/A	N/A	93	GL0027812_MH0033_[Complete]_[mRNA]_locus=C3777442_1:3115:4119:+ [translate_table: standard]
d9539_asm_v1.2_22	GL0047060_MH0039_[Complete]_[mRNA]_locus=scaffold84037_1:2109:3113:+	92.515	334	25	0	28	361	1	334	0.0	635	361	334	0	N/A	N/A	N/A	93	GL0047060_MH0039_[Complete]_[mRNA]_locus=scaffold84037_1:2109:3113:+ [translate_table: standard]
d9539_asm_v1.2_22	GL0107161_V1_[Complete]_[mRNA]_locus=scaffold79364_1:2773:3777:+	90.120	334	33	0	28	361	1	334	0.0	627	361	334	0	N/A	N/A	N/A	93	GL0107161_V1_[Complete]_[mRNA]_locus=scaffold79364_1:2773:3777:+ [translate_table: standard]
d9539_asm_v1.2_22	GL0091141_MH0014_[Lack_5'-end]_[mRNA]_locus=scaffold53332_2:98:1024:-	89.935	308	31	0	54	361	1	308	0.0	567	361	308	0	N/A	N/A	N/A	85	GL0091141_MH0014_[Lack_5'-end]_[mRNA]_locus=scaffold53332_2:98:1024:- [translate_table: standard]
d9539_asm_v1.2_22	GL0019907_MH0046_[Complete]_[mRNA]_locus=scaffold87326_1:2645:3718:+	44.290	359	181	7	2	348	3	354	4.47e-87	275	361	357	0	N/A	N/A	N/A	96	GL0019907_MH0046_[Complete]_[mRNA]_locus=scaffold87326_1:2645:3718:+ [translate_table: standard]
d9539_asm_v1.2_22	GL0006639_V1_[Complete]_[mRNA]_locus=scaffold43540_3:187:1260:-	43.056	360	186	8	2	349	3	355	8.76e-85	269	361	357	0	N/A	N/A	N/A	96	GL0006639_V1_[Complete]_[mRNA]_locus=scaffold43540_3:187:1260:- [translate_table: standard]
d9539_asm_v1.2_22	GL0039065_V1_[Lack_5'-end]_[mRNA]_locus=scaffold45917_3:2:1033:+	51.172	256	122	1	24	279	16	268	9.73e-83	263	361	343	0	N/A	N/A	N/A	71	GL0039065_V1_[Lack_5'-end]_[mRNA]_locus=scaffold45917_3:2:1033:+ [translate_table: standard]
d9539_asm_v1.2_22	GL0044846_MH0032_[Lack_5'-end]_[mRNA]_locus=scaffold44850_2:372:590:-	87.500	72	9	0	290	361	1	72	4.06e-34	127	361	72	0	N/A	N/A	N/A	20	GL0044846_MH0032_[Lack_5'-end]_[mRNA]_locus=scaffold44850_2:372:590:- [translate_table: standard]
d9539_asm_v1.2_22	GL0117639_MH0066_[Complete]_[mRNA]_locus=scaffold12313_2:1971:2933:-	31.606	193	108	8	2	180	3	185	3.93e-16	83.2	361	320	0	N/A	N/A	N/A	50	GL0117639_MH0066_[Complete]_[mRNA]_locus=scaffold12313_2:1971:2933:- [translate_table: standard]
d9539_asm_v1.2_22	GL0184888_MH0006_[Complete]_[mRNA]_locus=scaffold160683_1:4658:5620:+	27.386	241	139	9	2	221	3	228	3.26e-14	77.8	361	320	0	N/A	N/A	N/A	61	GL0184888_MH0006_[Complete]_[mRNA]_locus=scaffold160683_1:4658:5620:+ [translate_table: standard]
d9539_asm_v1.2_23	GL0076822_MH0020_[Complete]_[mRNA]_locus=scaffold12291_5:1670:3232:+	34.884	43	27	1	10	51	13	55	7.6	30.0	82	520	0	N/A	N/A	N/A	51	GL0076822_MH0020_[Complete]_[mRNA]_locus=scaffold12291_5:1670:3232:+ [translate_table: standard]
d9539_asm_v1.2_28	GL0002709_MH0081_[Lack_3'-end]_[mRNA]_locus=scaffold27394_1:2:445:-	33.333	24	16	0	4	27	111	134	3.0	29.3	34	148	0	N/A	N/A	N/A	71	GL0002709_MH0081_[Lack_3'-end]_[mRNA]_locus=scaffold27394_1:2:445:- [translate_table: standard]
d9539_asm_v1.2_28	GL0118328_MH0075_[Complete]_[mRNA]_locus=scaffold63339_1:1473:3200:+	34.375	32	21	0	3	34	148	179	7.4	28.9	34	575	0	N/A	N/A	N/A	94	GL0118328_MH0075_[Complete]_[mRNA]_locus=scaffold63339_1:1473:3200:+ [translate_table: standard]
d9539_asm_v1.2_29	GL0047061_MH0039_[Complete]_[mRNA]_locus=scaffold84037_1:3106:5049:+	93.045	647	45	0	1	647	1	647	0.0	1251	647	647	0	N/A	N/A	N/A	100	GL0047061_MH0039_[Complete]_[mRNA]_locus=scaffold84037_1:3106:5049:+ [translate_table: standard]
d9539_asm_v1.2_29	GL0107162_V1_[Complete]_[mRNA]_locus=scaffold79364_1:3770:5716:+	87.809	648	78	1	1	647	1	648	0.0	1169	647	648	0	N/A	N/A	N/A	100	GL0107162_V1_[Complete]_[mRNA]_locus=scaffold79364_1:3770:5716:+ [translate_table: standard]
d9539_asm_v1.2_29	GL0033034_MH0077_[Lack_both_end]_[mRNA]_locus=scaffold9705_1:2:1318:+	86.333	439	59	1	170	607	1	439	0.0	801	647	439	0	N/A	N/A	N/A	68	GL0033034_MH0077_[Lack_both_end]_[mRNA]_locus=scaffold9705_1:2:1318:+ [translate_table: standard]
d9539_asm_v1.2_29	GL0027813_MH0033_[Lack_3'-end]_[mRNA]_locus=C3777442_1:4112:5341:+	88.049	410	49	0	1	410	1	410	0.0	766	647	410	0	N/A	N/A	N/A	63	GL0027813_MH0033_[Lack_3'-end]_[mRNA]_locus=C3777442_1:4112:5341:+ [translate_table: standard]
d9539_asm_v1.2_29	GL0265353_unmapped_[Lack_3'-end]_[mRNA]_locus=scaffold795402_1:34:759:+	91.322	242	20	1	368	608	1	242	6.12e-157	460	647	242	0	N/A	N/A	N/A	37	GL0265353_unmapped_[Lack_3'-end]_[mRNA]_locus=scaffold795402_1:34:759:+ [translate_table: standard]
d9539_asm_v1.2_29	GL0472091_unmapped_[Lack_both_end]_[mRNA]_locus=scaffold76355_2:1:1380:+	50.881	511	197	14	51	558	1	460	1.81e-153	459	647	460	0	N/A	N/A	N/A	79	GL0472091_unmapped_[Lack_both_end]_[mRNA]_locus=scaffold76355_2:1:1380:+ [translate_table: standard]
d9539_asm_v1.2_29	GL0070732_O2_[Lack_3'-end]_[mRNA]_locus=scaffold35233_5:11:727:+	77.824	239	53	0	145	383	1	239	2.40e-129	389	647	239	0	N/A	N/A	N/A	37	GL0070732_O2_[Lack_3'-end]_[mRNA]_locus=scaffold35233_5:11:727:+ [translate_table: standard]
d9539_asm_v1.2_29	GL0133570_V1_[Complete]_[mRNA]_locus=scaffold43540_2:147:1184:-	63.072	306	106	4	347	647	42	345	6.85e-125	382	647	345	0	N/A	N/A	N/A	47	GL0133570_V1_[Complete]_[mRNA]_locus=scaffold43540_2:147:1184:- [translate_table: standard]
d9539_asm_v1.2_29	GL0039066_V1_[Lack_3'-end]_[mRNA]_locus=scaffold45917_3:1037:2056:+	47.462	394	148	10	1	389	1	340	1.98e-102	323	647	340	0	N/A	N/A	N/A	60	GL0039066_V1_[Lack_3'-end]_[mRNA]_locus=scaffold45917_3:1037:2056:+ [translate_table: standard]
d9539_asm_v1.2_29	GL0110254_MH0077_[Lack_3'-end]_[mRNA]_locus=scaffold9705_4:20:547:+	85.227	176	26	0	1	176	1	176	2.85e-102	317	647	176	0	N/A	N/A	N/A	27	GL0110254_MH0077_[Lack_3'-end]_[mRNA]_locus=scaffold9705_4:20:547:+ [translate_table: standard]
d9539_asm_v1.2_30	GL0127673_MH0014_[Complete]_[mRNA]_locus=scaffold72606_2:47:340:+	96.907	97	3	0	1	97	1	97	2.98e-60	187	97	97	0	N/A	N/A	N/A	100	GL0127673_MH0014_[Complete]_[mRNA]_locus=scaffold72606_2:47:340:+ [translate_table: standard]
d9539_asm_v1.2_30	GL0027808_MH0033_[Complete]_[mRNA]_locus=C3777442_1:307:600:+	95.876	97	4	0	1	97	1	97	6.32e-60	186	97	97	0	N/A	N/A	N/A	100	GL0027808_MH0033_[Complete]_[mRNA]_locus=C3777442_1:307:600:+ [translate_table: standard]
d9539_asm_v1.2_30	GL0004613_MH0083_[Complete]_[mRNA]_locus=scaffold88179_2:164:457:-	94.845	97	5	0	1	97	1	97	8.82e-59	183	97	97	0	N/A	N/A	N/A	100	GL0004613_MH0083_[Complete]_[mRNA]_locus=scaffold88179_2:164:457:- [translate_table: standard]
d9539_asm_v1.2_30	GL0030027_MH0039_[Lack_5'-end]_[mRNA]_locus=C3581983_1:415:633:-	98.592	71	1	0	27	97	1	71	2.37e-41	138	97	72	0	N/A	N/A	N/A	73	GL0030027_MH0039_[Lack_5'-end]_[mRNA]_locus=C3581983_1:415:633:- [translate_table: standard]
d9539_asm_v1.2_30	GL0103047_V1_[Complete]_[mRNA]_locus=scaffold45917_2:358:654:+	64.444	90	32	0	2	91	3	92	1.13e-33	119	97	98	0	N/A	N/A	N/A	93	GL0103047_V1_[Complete]_[mRNA]_locus=scaffold45917_2:358:654:+ [translate_table: standard]
d9539_asm_v1.2_30	GL0224636_unmapped_[Complete]_[mRNA]_locus=scaffold826027_1:128:424:+	65.517	87	30	0	4	90	5	91	2.67e-31	113	97	98	0	N/A	N/A	N/A	90	GL0224636_unmapped_[Complete]_[mRNA]_locus=scaffold826027_1:128:424:+ [translate_table: standard]
d9539_asm_v1.2_30	GL0012682_MH0069_[Lack_5'-end]_[mRNA]_locus=C6797415_1:304:567:-	64.706	85	30	0	12	96	2	86	6.33e-31	112	97	87	0	N/A	N/A	N/A	88	GL0012682_MH0069_[Lack_5'-end]_[mRNA]_locus=C6797415_1:304:567:- [translate_table: standard]
d9539_asm_v1.2_30	GL0133569_V1_[Lack_3'-end]_[mRNA]_locus=scaffold43540_2:1:135:-	58.140	43	18	0	2	44	3	45	1.43e-09	55.5	97	45	0	N/A	N/A	N/A	44	GL0133569_V1_[Lack_3'-end]_[mRNA]_locus=scaffold43540_2:1:135:- [translate_table: standard]
d9539_asm_v1.2_30	GL0022202_MH0012_[Complete]_[mRNA]_locus=scaffold2303_6:6583:7302:-	30.233	43	28	1	5	45	43	85	2.3	32.0	97	239	0	N/A	N/A	N/A	42	GL0022202_MH0012_[Complete]_[mRNA]_locus=scaffold2303_6:6583:7302:- [translate_table: standard]
d9539_asm_v1.2_30	GL0066576_MH0025_[Complete]_[mRNA]_locus=scaffold86962_3:1323:3020:-	30.508	59	40	1	37	94	361	419	3.2	31.6	97	565	0	N/A	N/A	N/A	60	GL0066576_MH0025_[Complete]_[mRNA]_locus=scaffold86962_3:1323:3020:- [translate_table: standard]
d9539_asm_v1.2_32	GL0119380_MH0033_[Complete]_[mRNA]_locus=scaffold74483_10:1711:2574:+	62.500	16	6	0	6	21	82	97	5.0	28.5	21	287	0	N/A	N/A	N/A	76	GL0119380_MH0033_[Complete]_[mRNA]_locus=scaffold74483_10:1711:2574:+ [translate_table: standard]
d9539_asm_v1.2_32	GL0116449_MH0060_[Lack_both_end]_[mRNA]_locus=scaffold46666_5:3:722:-	62.500	16	6	0	6	21	75	90	5.4	28.1	21	240	0	N/A	N/A	N/A	76	GL0116449_MH0060_[Lack_both_end]_[mRNA]_locus=scaffold46666_5:3:722:- [translate_table: standard]
d9539_asm_v1.2_33	GL0113735_V1_[Complete]_[mRNA]_locus=scaffold99063_1:2239:3483:-	54.545	22	10	0	8	29	16	37	8.5	28.5	31	414	0	N/A	N/A	N/A	71	GL0113735_V1_[Complete]_[mRNA]_locus=scaffold99063_1:2239:3483:- [translate_table: standard]
d9539_asm_v1.2_34	GL0194875_MH0012_[Lack_5'-end]_[mRNA]_locus=scaffold6669_1:1:519:+	23.729	59	45	0	94	152	32	90	5.2	32.3	155	172	0	N/A	N/A	N/A	38	GL0194875_MH0012_[Lack_5'-end]_[mRNA]_locus=scaffold6669_1:1:519:+ [translate_table: standard]
d9539_asm_v1.2_36	GL0067657_V1_[Lack_3'-end]_[mRNA]_locus=scaffold30589_2:252:1994:+	42.105	38	22	0	32	69	420	457	0.46	33.5	80	581	0	N/A	N/A	N/A	48	GL0067657_V1_[Lack_3'-end]_[mRNA]_locus=scaffold30589_2:252:1994:+ [translate_table: standard]
d9539_asm_v1.2_36	GL0030593_O2_[Complete]_[mRNA]_locus=scaffold3620_5:5474:6730:+	36.735	49	22	2	29	68	331	379	0.55	33.5	80	418	0	N/A	N/A	N/A	50	GL0030593_O2_[Complete]_[mRNA]_locus=scaffold3620_5:5474:6730:+ [translate_table: standard]
d9539_asm_v1.2_36	GL0099508_O2_[Complete]_[mRNA]_locus=scaffold34745_3:398:1519:-	42.105	38	22	0	32	69	23	60	0.63	33.1	80	373	0	N/A	N/A	N/A	48	GL0099508_O2_[Complete]_[mRNA]_locus=scaffold34745_3:398:1519:- [translate_table: standard]
d9539_asm_v1.2_36	GL0031733_V1_[Lack_5'-end]_[mRNA]_locus=scaffold35180_8:1779:2960:-	38.776	49	21	2	29	68	296	344	0.93	32.7	80	393	0	N/A	N/A	N/A	50	GL0031733_V1_[Lack_5'-end]_[mRNA]_locus=scaffold35180_8:1779:2960:- [translate_table: standard]
d9539_asm_v1.2_36	GL0094299_MH0038_[Complete]_[mRNA]_locus=scaffold58332_2:11351:12322:+	30.357	56	34	1	22	77	12	62	1.5	32.0	80	323	0	N/A	N/A	N/A	70	GL0094299_MH0038_[Complete]_[mRNA]_locus=scaffold58332_2:11351:12322:+ [translate_table: standard]
d9539_asm_v1.2_36	GL0060709_V1_[Complete]_[mRNA]_locus=scaffold6242_2:4000:6237:-	46.875	32	17	0	32	63	395	426	1.9	32.0	80	745	0	N/A	N/A	N/A	40	GL0060709_V1_[Complete]_[mRNA]_locus=scaffold6242_2:4000:6237:- [translate_table: standard]
d9539_asm_v1.2_36	GL0082593_V1_[Complete]_[mRNA]_locus=scaffold5386_4:9066:11303:+	46.875	32	17	0	32	63	395	426	2.6	31.2	80	745	0	N/A	N/A	N/A	40	GL0082593_V1_[Complete]_[mRNA]_locus=scaffold5386_4:9066:11303:+ [translate_table: standard]
d9539_asm_v1.2_36	GL0061790_MH0020_[Lack_5'-end]_[mRNA]_locus=scaffold13423_6:198:524:-	28.000	50	33	1	24	73	53	99	4.2	30.0	80	108	0	N/A	N/A	N/A	63	GL0061790_MH0020_[Lack_5'-end]_[mRNA]_locus=scaffold13423_6:198:524:- [translate_table: standard]
d9539_asm_v1.2_36	GL0081621_MH0071_[Complete]_[mRNA]_locus=scaffold20865_20:375:1073:-	23.944	71	47	2	3	73	160	223	9.2	29.6	80	232	0	N/A	N/A	N/A	89	GL0081621_MH0071_[Complete]_[mRNA]_locus=scaffold20865_20:375:1073:- [translate_table: standard]
d9539_asm_v1.2_36	GL0059230_O2_[Lack_5'-end]_[mRNA]_locus=scaffold14396_5:1396:1920:-	23.944	71	47	2	3	73	100	163	9.9	29.3	80	174	0	N/A	N/A	N/A	89	GL0059230_O2_[Lack_5'-end]_[mRNA]_locus=scaffold14396_5:1396:1920:- [translate_table: standard]
d9539_asm_v1.2_40	GL0047179_MH0002_[Complete]_[mRNA]_locus=scaffold54930_7:164:835:-	26.087	138	98	2	1	136	79	214	2.47e-07	53.5	167	223	0	N/A	N/A	N/A	81	GL0047179_MH0002_[Complete]_[mRNA]_locus=scaffold54930_7:164:835:- [translate_table: standard]
d9539_asm_v1.2_40	GL0014667_MH0064_[Complete]_[mRNA]_locus=scaffold19744_1:2081:2902:-	34.615	78	46	2	55	128	17	93	7.3	32.3	167	273	0	N/A	N/A	N/A	44	GL0014667_MH0064_[Complete]_[mRNA]_locus=scaffold19744_1:2081:2902:- [translate_table: standard]
d9539_asm_v1.2_40	GL0290953_MH0012_[Complete]_[mRNA]_locus=scaffold4188_6:37:1317:-	41.026	39	23	0	8	46	4	42	9.8	32.0	167	426	0	N/A	N/A	N/A	23	GL0290953_MH0012_[Complete]_[mRNA]_locus=scaffold4188_6:37:1317:- [translate_table: standard]
d9539_asm_v1.2_42	GL0050501_V1_[Lack_5'-end]_[mRNA]_locus=scaffold33458_5:1:606:+	23.810	84	52	2	79	157	108	184	2.9	33.1	161	201	0	N/A	N/A	N/A	49	GL0050501_V1_[Lack_5'-end]_[mRNA]_locus=scaffold33458_5:1:606:+ [translate_table: standard]
d9539_asm_v1.2_44	GL0097483_MH0053_[Lack_5'-end]_[mRNA]_locus=scaffold30416_11:63:686:-	27.273	66	43	1	68	133	138	198	0.13	37.0	162	207	0	N/A	N/A	N/A	41	GL0097483_MH0053_[Lack_5'-end]_[mRNA]_locus=scaffold30416_11:63:686:- [translate_table: standard]
d9539_asm_v1.2_44	GL0474501_unmapped_[Lack_3'-end]_[mRNA]_locus=scaffold484799_1:3:194:-	39.535	43	26	0	91	133	16	58	2.5	31.6	162	64	0	N/A	N/A	N/A	27	GL0474501_unmapped_[Lack_3'-end]_[mRNA]_locus=scaffold484799_1:3:194:- [translate_table: standard]
d9539_asm_v1.2_44	GL0596248_unmapped_[Lack_3'-end]_[mRNA]_locus=scaffold30787_1:801:1751:+	34.615	52	34	0	90	141	152	203	2.6	33.5	162	317	0	N/A	N/A	N/A	32	GL0596248_unmapped_[Lack_3'-end]_[mRNA]_locus=scaffold30787_1:801:1751:+ [translate_table: standard]
d9539_asm_v1.2_47	GL0040237_MH0025_[Complete]_[mRNA]_locus=scaffold9581_3:435:1040:+	46.875	32	17	0	47	78	145	176	0.25	35.0	117	201	0	N/A	N/A	N/A	27	GL0040237_MH0025_[Complete]_[mRNA]_locus=scaffold9581_3:435:1040:+ [translate_table: standard]
d9539_asm_v1.2_47	GL0019297_MH0004_[Complete]_[mRNA]_locus=scaffold7091_4:3094:5142:-	35.000	40	26	0	2	41	530	569	2.3	32.7	117	682	0	N/A	N/A	N/A	34	GL0019297_MH0004_[Complete]_[mRNA]_locus=scaffold7091_4:3094:5142:- [translate_table: standard]
d9539_asm_v1.2_47	GL0061887_MH0055_[Complete]_[mRNA]_locus=scaffold9708_4:5555:7594:+	35.000	40	26	0	2	41	530	569	2.7	32.3	117	679	0	N/A	N/A	N/A	34	GL0061887_MH0055_[Complete]_[mRNA]_locus=scaffold9708_4:5555:7594:+ [translate_table: standard]
d9539_asm_v1.2_47	GL0047377_MH0014_[Complete]_[mRNA]_locus=scaffold3494_5:19996:22056:-	32.394	71	43	2	2	71	529	595	4.0	32.0	117	686	0	N/A	N/A	N/A	60	GL0047377_MH0014_[Complete]_[mRNA]_locus=scaffold3494_5:19996:22056:- [translate_table: standard]
d9539_asm_v1.2_47	GL0161094_V1_[Complete]_[mRNA]_locus=scaffold1692_2:440:2479:-	37.500	40	25	0	2	41	529	568	4.0	32.0	117	679	0	N/A	N/A	N/A	34	GL0161094_V1_[Complete]_[mRNA]_locus=scaffold1692_2:440:2479:- [translate_table: standard]
d9539_asm_v1.2_47	GL0047565_O2_[Complete]_[mRNA]_locus=scaffold1875_10:16224:18266:-	33.333	60	38	1	2	59	530	589	4.5	32.0	117	680	0	N/A	N/A	N/A	50	GL0047565_O2_[Complete]_[mRNA]_locus=scaffold1875_10:16224:18266:- [translate_table: standard]
d9539_asm_v1.2_47	GL0111951_MH0055_[Complete]_[mRNA]_locus=scaffold1834_6:5670:7694:-	32.500	40	27	0	2	41	529	568	5.9	31.6	117	674	0	N/A	N/A	N/A	34	GL0111951_MH0055_[Complete]_[mRNA]_locus=scaffold1834_6:5670:7694:- [translate_table: standard]
d9539_asm_v1.2_47	GL0055807_MH0016_[Complete]_[mRNA]_locus=scaffold25635_5:1524:3557:+	32.500	40	27	0	2	41	529	568	6.1	31.6	117	677	0	N/A	N/A	N/A	34	GL0055807_MH0016_[Complete]_[mRNA]_locus=scaffold25635_5:1524:3557:+ [translate_table: standard]
d9539_asm_v1.2_47	GL0007548_MH0009_[Complete]_[mRNA]_locus=scaffold84261_1:9209:11275:+	35.000	40	26	0	2	41	530	569	6.5	31.2	117	688	0	N/A	N/A	N/A	34	GL0007548_MH0009_[Complete]_[mRNA]_locus=scaffold84261_1:9209:11275:+ [translate_table: standard]
d9539_asm_v1.2_47	GL0108547_MH0038_[Complete]_[mRNA]_locus=scaffold21029_1:5875:7923:-	35.000	40	26	0	2	41	530	569	7.4	31.2	117	682	0	N/A	N/A	N/A	34	GL0108547_MH0038_[Complete]_[mRNA]_locus=scaffold21029_1:5875:7923:- [translate_table: standard]
